101994 1703576264.918656 futex(0xc000080148, FUTEX_WAIT_PRIVATE, 0, NULL <unfinished ...>
101993 1703576264.918691 futex(0xc000044948, FUTEX_WAIT_PRIVATE, 0, NULL <unfinished ...>
101991 1703576264.918729 restart_syscall(<... resuming interrupted nanosleep ...>) = 0 <0.000075>
101991 1703576264.919057 nanosleep({tv_sec=0, tv_nsec=20000}, NULL) = 0 <0.000459>
101991 1703576264.919818 nanosleep({tv_sec=0, tv_nsec=20000}, NULL) = 0 <0.000663>
101991 1703576264.920994 nanosleep({tv_sec=0, tv_nsec=20000},  <unfinished ...>
101992 1703576264.921636 futex(0xc000044548, FUTEX_WAIT_PRIVATE, 0, NULL <unfinished ...>
101989 1703576264.921699 futex(0xc000044548, FUTEX_WAKE_PRIVATE, 1 <unfinished ...>
101992 1703576264.921776 <... futex resumed> ) = -1 EAGAIN (Resource temporarily unavailable) <0.000114>
101991 1703576264.921854 <... nanosleep resumed> NULL) = 0 <0.000826>
101989 1703576264.921890 <... futex resumed> ) = 0 <0.000180>
101992 1703576264.921926 nanosleep({tv_sec=0, tv_nsec=3000}, NULL) = 0 <0.001166>
101992 1703576264.923369 futex(0xc000044948, FUTEX_WAKE_PRIVATE, 1) = 1 <0.000239>
101992 1703576264.925700 futex(0xc000044548, FUTEX_WAIT_PRIVATE, 0, NULL <unfinished ...>
101993 1703576264.929755 <... futex resumed> ) = 0 <0.011049>
101991 1703576264.929815 nanosleep({tv_sec=0, tv_nsec=20000},  <unfinished ...>
101993 1703576264.931358 futex(0xc000044948, FUTEX_WAIT_PRIVATE, 0, NULL <unfinished ...>
101991 1703576264.931423 <... nanosleep resumed> NULL) = 0 <0.001587>
101989 1703576264.931462 futex(0xc000044948, FUTEX_WAKE_PRIVATE, 1 <unfinished ...>
101993 1703576264.932427 <... futex resumed> ) = -1 EAGAIN (Resource temporarily unavailable) <0.001028>
101991 1703576264.932520 nanosleep({tv_sec=0, tv_nsec=20000},  <unfinished ...>
101989 1703576264.932570 <... futex resumed> ) = 0 <0.001097>
101993 1703576264.933650 futex(0xc000044548, FUTEX_WAKE_PRIVATE, 1) = 1 <0.000570>
101992 1703576264.934345 <... futex resumed> ) = 0 <0.008618>
101991 1703576264.934358 <... nanosleep resumed> NULL) = 0 <0.001815>
101989 1703576264.936633 futex(0x5656e8, FUTEX_WAIT_PRIVATE, 0, NULL <unfinished ...>
101991 1703576264.936765 nanosleep({tv_sec=0, tv_nsec=20000},  <unfinished ...>
101992 1703576264.936819 futex(0x5656e8, FUTEX_WAKE_PRIVATE, 1) = 0 <0.000008>
101992 1703576264.939240 futex(0xc000044548, FUTEX_WAIT_PRIVATE, 0, NULL <unfinished ...>
101991 1703576264.939300 <... nanosleep resumed> NULL) = 0 <0.002507>
101989 1703576264.939312 <... futex resumed> ) = -1 EAGAIN (Resource temporarily unavailable) <0.002601>
101991 1703576264.939359 nanosleep({tv_sec=0, tv_nsec=20000},  <unfinished ...>
101989 1703576264.939431 futex(0xc000044548, FUTEX_WAKE_PRIVATE, 1 <unfinished ...>
101991 1703576264.939481 <... nanosleep resumed> NULL) = 0 <0.000107>
101991 1703576264.939499 nanosleep({tv_sec=0, tv_nsec=20000},  <unfinished ...>
101989 1703576264.939548 <... futex resumed> ) = 1 <0.000107>
101992 1703576264.939593 <... futex resumed> ) = 0 <0.000299>
101992 1703576264.939614 futex(0xc000080148, FUTEX_WAKE_PRIVATE, 1 <unfinished ...>
101994 1703576264.939632 <... futex resumed> ) = 0 <0.020944>
101992 1703576264.939640 <... futex resumed> ) = 1 <0.000020>
101994 1703576264.940399 mmap(NULL, 262144, PROT_READ|PROT_WRITE, MAP_PRIVATE|MAP_ANONYMOUS, -1, 0 <unfinished ...>
101993 1703576264.940490 futex(0xc000044948, FUTEX_WAIT_PRIVATE, 0, NULL <unfinished ...>
101994 1703576264.940532 <... mmap resumed> ) = 0x7f45e19b8000 <0.000086>
101991 1703576264.940569 <... nanosleep resumed> NULL) = 0 <0.001058>
101994 1703576264.940680 futex(0xc000044948, FUTEX_WAKE_PRIVATE, 1 <unfinished ...>
101991 1703576264.940695 nanosleep({tv_sec=0, tv_nsec=20000},  <unfinished ...>
101989 1703576264.940716 nanosleep({tv_sec=0, tv_nsec=3000},  <unfinished ...>
101993 1703576264.940839 <... futex resumed> ) = -1 EAGAIN (Resource temporarily unavailable) <0.000334>
101994 1703576264.940884 <... futex resumed> ) = 0 <0.000195>
101989 1703576264.940920 <... nanosleep resumed> NULL) = 0 <0.000194>
101994 1703576264.942012 futex(0xc000080148, FUTEX_WAIT_PRIVATE, 0, NULL <unfinished ...>
101993 1703576264.942086 futex(0xc000044948, FUTEX_WAIT_PRIVATE, 0, NULL <unfinished ...>
101992 1703576264.942140 futex(0xc000080148, FUTEX_WAKE_PRIVATE, 1 <unfinished ...>
101991 1703576264.942236 <... nanosleep resumed> NULL) = 0 <0.001514>
101994 1703576264.942312 <... futex resumed> ) = -1 EAGAIN (Resource temporarily unavailable) <0.000233>
101992 1703576264.942333 <... futex resumed> ) = 0 <0.000183>
101994 1703576264.942376 nanosleep({tv_sec=0, tv_nsec=3000},  <unfinished ...>
101991 1703576264.942434 nanosleep({tv_sec=0, tv_nsec=20000},  <unfinished ...>
101989 1703576264.942457 futex(0x5656e8, FUTEX_WAIT_PRIVATE, 0, NULL <unfinished ...>
101994 1703576264.943235 <... nanosleep resumed> NULL) = 0 <0.000829>
101991 1703576264.943319 <... nanosleep resumed> NULL) = 0 <0.000867>
101991 1703576264.943343 nanosleep({tv_sec=0, tv_nsec=20000},  <unfinished ...>
101994 1703576264.943546 futex(0xc000044948, FUTEX_WAKE_PRIVATE, 1 <unfinished ...>
101991 1703576264.943631 <... nanosleep resumed> NULL) = 0 <0.000268>
101994 1703576264.943796 <... futex resumed> ) = 1 <0.000196>
101993 1703576264.943840 <... futex resumed> ) = 0 <0.001728>
101991 1703576264.943876 nanosleep({tv_sec=0, tv_nsec=20000},  <unfinished ...>
101993 1703576264.944055 futex(0x5656e8, FUTEX_WAKE_PRIVATE, 1) = 1 <0.000103>
101994 1703576264.945389 futex(0xc000080148, FUTEX_WAIT_PRIVATE, 0, NULL <unfinished ...>
101993 1703576264.945452 futex(0xc000044948, FUTEX_WAIT_PRIVATE, 0, NULL <unfinished ...>
101991 1703576264.945526 <... nanosleep resumed> NULL) = 0 <0.001631>
101991 1703576264.945732 nanosleep({tv_sec=0, tv_nsec=20000}, NULL) = 0 <0.000327>
101991 1703576264.946375 nanosleep({tv_sec=0, tv_nsec=20000}, NULL) = 0 <0.000894>
101991 1703576264.947493 nanosleep({tv_sec=0, tv_nsec=20000}, NULL) = 0 <0.000276>
101991 1703576264.947984 nanosleep({tv_sec=0, tv_nsec=20000}, NULL) = 0 <0.000821>
101991 1703576264.948986 nanosleep({tv_sec=0, tv_nsec=20000}, NULL) = 0 <0.001343>
101991 1703576264.950477 nanosleep({tv_sec=0, tv_nsec=20000}, NULL) = 0 <0.000899>
101991 1703576264.951541 nanosleep({tv_sec=0, tv_nsec=20000},  <unfinished ...>
101989 1703576264.951782 <... futex resumed> ) = 0 <0.009310>
101989 1703576264.951990 futex(0xc000044948, FUTEX_WAKE_PRIVATE, 1 <unfinished ...>
101993 1703576264.952210 <... futex resumed> ) = 0 <0.006746>
101989 1703576264.952228 <... futex resumed> ) = 1 <0.000225>
101991 1703576264.952438 <... nanosleep resumed> NULL) = 0 <0.000869>
101991 1703576264.952548 nanosleep({tv_sec=0, tv_nsec=20000}, NULL) = 0 <0.000814>
101991 1703576264.953501 nanosleep({tv_sec=0, tv_nsec=20000},  <unfinished ...>
101992 1703576264.954248 futex(0xc000044548, FUTEX_WAIT_PRIVATE, 0, NULL <unfinished ...>
101991 1703576264.954322 <... nanosleep resumed> NULL) = 0 <0.000802>
101991 1703576264.954423 nanosleep({tv_sec=0, tv_nsec=20000}, NULL) = 0 <0.000997>
101991 1703576264.955596 nanosleep({tv_sec=0, tv_nsec=20000}, NULL) = 0 <0.000806>
101991 1703576264.956630 nanosleep({tv_sec=0, tv_nsec=20000},  <unfinished ...>
101993 1703576264.956710 futex(0xc000044548, FUTEX_WAKE_PRIVATE, 1) = 1 <0.000172>
101992 1703576264.956959 <... futex resumed> ) = 0 <0.002683>
101991 1703576264.956996 <... nanosleep resumed> NULL) = 0 <0.000342>
101992 1703576264.957217 futex(0xc000080148, FUTEX_WAKE_PRIVATE, 1 <unfinished ...>
101994 1703576264.957408 <... futex resumed> ) = 0 <0.011990>
101992 1703576264.957436 <... futex resumed> ) = 1 <0.000174>
101994 1703576264.958070 futex(0xc000080148, FUTEX_WAIT_PRIVATE, 0, NULL <unfinished ...>
101993 1703576264.958147 futex(0xc000044948, FUTEX_WAIT_PRIVATE, 0, NULL <unfinished ...>
101992 1703576264.958159 futex(0xc000080148, FUTEX_WAKE_PRIVATE, 1 <unfinished ...>
101991 1703576264.958189 nanosleep({tv_sec=0, tv_nsec=20000},  <unfinished ...>
101989 1703576264.958207 futex(0x5656e8, FUTEX_WAIT_PRIVATE, 0, NULL <unfinished ...>
101994 1703576264.958889 <... futex resumed> ) = -1 EAGAIN (Resource temporarily unavailable) <0.000764>
101992 1703576264.958983 <... futex resumed> ) = 0 <0.000817>
101994 1703576264.959634 nanosleep({tv_sec=0, tv_nsec=3000},  <unfinished ...>
101991 1703576264.959758 <... nanosleep resumed> NULL) = 0 <0.001553>
101991 1703576264.959790 nanosleep({tv_sec=0, tv_nsec=20000},  <unfinished ...>
101994 1703576264.960456 <... nanosleep resumed> NULL) = 0 <0.000744>
101991 1703576264.960537 <... nanosleep resumed> NULL) = 0 <0.000735>
101994 1703576264.960604 futex(0xc000044948, FUTEX_WAKE_PRIVATE, 1 <unfinished ...>
101991 1703576264.960659 nanosleep({tv_sec=0, tv_nsec=20000},  <unfinished ...>
101994 1703576264.960756 <... futex resumed> ) = 1 <0.000139>
101993 1703576264.960796 <... futex resumed> ) = 0 <0.002639>
101993 1703576264.960823 futex(0x5656e8, FUTEX_WAKE_PRIVATE, 1 <unfinished ...>
101991 1703576264.960834 <... nanosleep resumed> NULL) = 0 <0.000154>
101993 1703576264.960877 <... futex resumed> ) = 1 <0.000045>
101993 1703576264.962092 futex(0xc000044948, FUTEX_WAIT_PRIVATE, 0, NULL <unfinished ...>
101994 1703576264.962167 futex(0xc000080148, FUTEX_WAIT_PRIVATE, 0, NULL <unfinished ...>
101991 1703576264.962179 nanosleep({tv_sec=0, tv_nsec=20000},  <unfinished ...>
101989 1703576264.962193 <... futex resumed> ) = 0 <0.003980>
101991 1703576264.962460 <... nanosleep resumed> NULL) = 0 <0.000264>
101989 1703576264.962546 futex(0x5656e8, FUTEX_WAIT_PRIVATE, 0, NULL <unfinished ...>
101992 1703576264.962562 futex(0x5656e8, FUTEX_WAKE_PRIVATE, 1 <unfinished ...>
101991 1703576264.962597 nanosleep({tv_sec=0, tv_nsec=20000},  <unfinished ...>
101992 1703576264.962643 <... futex resumed> ) = 0 <0.000074>
101989 1703576264.962679 <... futex resumed> ) = -1 EAGAIN (Resource temporarily unavailable) <0.000121>
101989 1703576264.962784 nanosleep({tv_sec=0, tv_nsec=3000},  <unfinished ...>
101991 1703576264.963692 <... nanosleep resumed> NULL) = 0 <0.001071>
101991 1703576264.963996 nanosleep({tv_sec=0, tv_nsec=20000},  <unfinished ...>
101989 1703576264.964278 <... nanosleep resumed> NULL) = 0 <0.001431>
101989 1703576264.964361 futex(0xc000080148, FUTEX_WAKE_PRIVATE, 1 <unfinished ...>
101994 1703576264.964626 <... futex resumed> ) = 0 <0.002444>
101991 1703576264.964732 <... nanosleep resumed> NULL) = 0 <0.000668>
101989 1703576264.964750 <... futex resumed> ) = 1 <0.000375>
101991 1703576264.964785 nanosleep({tv_sec=0, tv_nsec=20000},  <unfinished ...>
101994 1703576264.964810 futex(0xc000044948, FUTEX_WAKE_PRIVATE, 1) = 1 <0.000082>
101993 1703576264.964938 <... futex resumed> ) = 0 <0.002801>
101994 1703576264.965957 futex(0x5656e8, FUTEX_WAKE_PRIVATE, 1 <unfinished ...>
101993 1703576264.966026 futex(0xc000044948, FUTEX_WAIT_PRIVATE, 0, NULL <unfinished ...>
101992 1703576264.966039 nanosleep({tv_sec=0, tv_nsec=3000},  <unfinished ...>
101994 1703576264.966079 <... futex resumed> ) = 0 <0.000079>
101991 1703576264.966115 <... nanosleep resumed> NULL) = 0 <0.001312>
101989 1703576264.966127 futex(0x5656e8, FUTEX_WAIT_PRIVATE, 0, NULL <unfinished ...>
101991 1703576264.966159 nanosleep({tv_sec=0, tv_nsec=20000},  <unfinished ...>
101992 1703576264.966221 <... nanosleep resumed> NULL) = 0 <0.000169>
101989 1703576264.966257 <... futex resumed> ) = -1 EAGAIN (Resource temporarily unavailable) <0.000123>
101994 1703576264.966437 futex(0xc000080148, FUTEX_WAIT_PRIVATE, 0, NULL <unfinished ...>
101991 1703576264.966709 <... nanosleep resumed> NULL) = 0 <0.000534>
101991 1703576264.966956 nanosleep({tv_sec=0, tv_nsec=20000}, NULL) = 0 <0.001135>
101991 1703576264.968381 nanosleep({tv_sec=0, tv_nsec=20000}, NULL) = 0 <0.000822>
101991 1703576264.969513 nanosleep({tv_sec=0, tv_nsec=20000}, NULL) = 0 <0.001125>
101991 1703576264.970981 nanosleep({tv_sec=0, tv_nsec=20000}, NULL) = 0 <0.000694>
101991 1703576264.971970 nanosleep({tv_sec=0, tv_nsec=20000}, NULL) = 0 <0.000896>
101991 1703576264.974255 nanosleep({tv_sec=0, tv_nsec=20000},  <unfinished ...>
101992 1703576264.975013 futex(0xc000080148, FUTEX_WAKE_PRIVATE, 1 <unfinished ...>
101991 1703576264.975193 <... nanosleep resumed> NULL) = 0 <0.000872>
101994 1703576264.975438 <... futex resumed> ) = 0 <0.008938>
101992 1703576264.975495 <... futex resumed> ) = 1 <0.000418>
101991 1703576264.975559 nanosleep({tv_sec=0, tv_nsec=20000},  <unfinished ...>
101994 1703576264.975607 futex(0xc000044948, FUTEX_WAKE_PRIVATE, 1 <unfinished ...>
101989 1703576264.975890 futex(0x5656e8, FUTEX_WAIT_PRIVATE, 0, NULL <unfinished ...>
101992 1703576264.976179 futex(0xc000044548, FUTEX_WAIT_PRIVATE, 0, NULL <unfinished ...>
101994 1703576264.976222 <... futex resumed> ) = 1 <0.000604>
101993 1703576264.976303 <... futex resumed> ) = 0 <0.010266>
101991 1703576264.976341 <... nanosleep resumed> NULL) = 0 <0.000762>
101993 1703576264.976399 futex(0xc000044948, FUTEX_WAIT_PRIVATE, 0, NULL <unfinished ...>
101991 1703576264.976414 nanosleep({tv_sec=0, tv_nsec=20000}, NULL) = 0 <0.000471>
101994 1703576264.977177 futex(0xc000044948, FUTEX_WAKE_PRIVATE, 1 <unfinished ...>
101991 1703576264.977213 nanosleep({tv_sec=0, tv_nsec=20000},  <unfinished ...>
101994 1703576264.977295 <... futex resumed> ) = 1 <0.000087>
101993 1703576264.977343 <... futex resumed> ) = 0 <0.000936>
101994 1703576264.977486 futex(0xc000044948, FUTEX_WAKE_PRIVATE, 1 <unfinished ...>
101993 1703576264.977503 futex(0xc000044948, FUTEX_WAIT_PRIVATE, 0, NULL <unfinished ...>
101994 1703576264.977541 <... futex resumed> ) = 0 <0.000040>
101991 1703576264.977577 <... nanosleep resumed> NULL) = 0 <0.000346>
101993 1703576264.977636 <... futex resumed> ) = -1 EAGAIN (Resource temporarily unavailable) <0.000126>
101991 1703576264.977678 nanosleep({tv_sec=0, tv_nsec=20000},  <unfinished ...>
101993 1703576264.977907 futex(0xc000044548, FUTEX_WAKE_PRIVATE, 1) = 1 <0.000183>
101991 1703576264.978196 <... nanosleep resumed> NULL) = 0 <0.000504>
101991 1703576264.978221 nanosleep({tv_sec=0, tv_nsec=20000},  <unfinished ...>
101992 1703576264.978514 <... futex resumed> ) = 0 <0.002316>
101991 1703576264.978574 <... nanosleep resumed> NULL) = 0 <0.000337>
101991 1703576264.978599 nanosleep({tv_sec=0, tv_nsec=20000},  <unfinished ...>
101992 1703576264.978838 futex(0x5656e8, FUTEX_WAKE_PRIVATE, 1 <unfinished ...>
101991 1703576264.978871 <... nanosleep resumed> NULL) = 0 <0.000255>
101991 1703576264.978893 nanosleep({tv_sec=0, tv_nsec=20000},  <unfinished ...>
101992 1703576264.978926 <... futex resumed> ) = 1 <0.000059>
101989 1703576264.978965 <... futex resumed> ) = 0 <0.003054>
101991 1703576264.979013 <... nanosleep resumed> NULL) = 0 <0.000103>
101991 1703576264.979030 nanosleep({tv_sec=0, tv_nsec=20000},  <unfinished ...>
101994 1703576264.980083 futex(0xc000080148, FUTEX_WAIT_PRIVATE, 0, NULL <unfinished ...>
101993 1703576264.980141 futex(0xc000044948, FUTEX_WAIT_PRIVATE, 0, NULL <unfinished ...>
101991 1703576264.980178 <... nanosleep resumed> NULL) = 0 <0.001137>
101989 1703576264.980192 futex(0x5656e8, FUTEX_WAIT_PRIVATE, 0, NULL <unfinished ...>
101991 1703576264.980430 nanosleep({tv_sec=0, tv_nsec=20000},  <unfinished ...>
101992 1703576264.980788 futex(0x5656e8, FUTEX_WAKE_PRIVATE, 1 <unfinished ...>
101989 1703576264.980875 <... futex resumed> ) = -1 EAGAIN (Resource temporarily unavailable) <0.000676>
101992 1703576264.981082 <... futex resumed> ) = 0 <0.000231>
101989 1703576264.981168 nanosleep({tv_sec=0, tv_nsec=3000},  <unfinished ...>
101991 1703576264.981539 <... nanosleep resumed> NULL) = 0 <0.001041>
101989 1703576264.981630 <... nanosleep resumed> NULL) = 0 <0.000440>
101991 1703576264.981689 nanosleep({tv_sec=0, tv_nsec=40000},  <unfinished ...>
101989 1703576264.981873 futex(0xc000080148, FUTEX_WAKE_PRIVATE, 1 <unfinished ...>
101994 1703576264.982099 <... futex resumed> ) = 0 <0.001963>
101989 1703576264.982137 <... futex resumed> ) = 1 <0.000217>
101991 1703576264.982458 <... nanosleep resumed> NULL) = 0 <0.000747>
101991 1703576264.982659 nanosleep({tv_sec=0, tv_nsec=80000}, NULL) = 0 <0.000769>
101991 1703576264.983652 nanosleep({tv_sec=0, tv_nsec=160000},  <unfinished ...>
101994 1703576264.984519 futex(0xc000080148, FUTEX_WAIT_PRIVATE, 0, NULL <unfinished ...>
101992 1703576264.984577 futex(0xc000080148, FUTEX_WAKE_PRIVATE, 1 <unfinished ...>
101991 1703576264.984590 <... nanosleep resumed> NULL) = 0 <0.000918>
101989 1703576264.984669 futex(0x5656e8, FUTEX_WAIT_PRIVATE, 0, NULL <unfinished ...>
101994 1703576264.985380 <... futex resumed> ) = -1 EAGAIN (Resource temporarily unavailable) <0.000828>
101992 1703576264.985586 <... futex resumed> ) = 0 <0.000998>
101991 1703576264.985600 nanosleep({tv_sec=0, tv_nsec=320000},  <unfinished ...>
101994 1703576264.986109 nanosleep({tv_sec=0, tv_nsec=3000},  <unfinished ...>
101991 1703576264.987073 <... nanosleep resumed> NULL) = 0 <0.001451>
101991 1703576264.987365 nanosleep({tv_sec=0, tv_nsec=640000}, NULL) = 0 <0.001369>
101991 1703576264.989678 nanosleep({tv_sec=0, tv_nsec=1280000},  <unfinished ...>
101994 1703576264.990757 <... nanosleep resumed> NULL) = 0 <0.004577>
101994 1703576264.990896 futex(0x5656e8, FUTEX_WAKE_PRIVATE, 1 <unfinished ...>
101992 1703576264.991011 futex(0xc000044548, FUTEX_WAIT_PRIVATE, 0, NULL <unfinished ...>
101994 1703576264.991273 <... futex resumed> ) = 1 <0.000358>
101989 1703576264.991361 <... futex resumed> ) = 0 <0.006680>
101989 1703576264.991644 futex(0x5656e8, FUTEX_WAIT_PRIVATE, 0, NULL <unfinished ...>
101991 1703576264.991961 <... nanosleep resumed> NULL) = 0 <0.002245>
101994 1703576264.992226 futex(0x5656e8, FUTEX_WAKE_PRIVATE, 1) = 1 <0.000753>
101991 1703576264.993051 nanosleep({tv_sec=0, tv_nsec=2560000},  <unfinished ...>
101989 1703576264.993099 <... futex resumed> ) = 0 <0.001361>
101989 1703576264.993287 futex(0xc000044548, FUTEX_WAKE_PRIVATE, 1) = 1 <0.000180>
101991 1703576264.996219 <... nanosleep resumed> NULL) = 0 <0.003140>
101989 1703576264.996307 futex(0x5656e8, FUTEX_WAIT_PRIVATE, 0, NULL <unfinished ...>
101991 1703576264.996380 nanosleep({tv_sec=0, tv_nsec=5120000},  <unfinished ...>
101992 1703576264.996563 <... futex resumed> ) = 0 <0.005517>
101992 1703576264.998881 futex(0x5656e8, FUTEX_WAKE_PRIVATE, 1) = 1 <0.000274>
101989 1703576264.999304 <... futex resumed> ) = 0 <0.002982>
101994 1703576265.000365 futex(0xc000080148, FUTEX_WAIT_PRIVATE, 0, NULL <unfinished ...>
101991 1703576265.001751 <... nanosleep resumed> NULL) = 0 <0.005314>
101991 1703576265.001823 nanosleep({tv_sec=0, tv_nsec=10000000}, NULL) = 0 <0.010235>
101991 1703576265.012163 nanosleep({tv_sec=0, tv_nsec=10000000},  <unfinished ...>
101989 1703576265.012520 futex(0xc000080148, FUTEX_WAKE_PRIVATE, 1 <unfinished ...>
101994 1703576265.012831 <... futex resumed> ) = 0 <0.012426>
101989 1703576265.012914 <... futex resumed> ) = 1 <0.000337>
101994 1703576265.013131 futex(0xc000044948, FUTEX_WAKE_PRIVATE, 1) = 1 <0.000775>
101993 1703576265.014077 <... futex resumed> ) = 0 <0.033925>
101993 1703576265.014108 futex(0xc000044948, FUTEX_WAIT_PRIVATE, 0, NULL <unfinished ...>
101989 1703576265.014125 futex(0x5656e8, FUTEX_WAIT_PRIVATE, 0, NULL <unfinished ...>
101992 1703576265.014505 futex(0xc000044548, FUTEX_WAIT_PRIVATE, 0, NULL <unfinished ...>
101994 1703576265.014863 futex(0xc000044548, FUTEX_WAKE_PRIVATE, 1) = 1 <0.000289>
101992 1703576265.015296 <... futex resumed> ) = 0 <0.000731>
101992 1703576265.015579 futex(0xc000044948, FUTEX_WAKE_PRIVATE, 1 <unfinished ...>
101993 1703576265.015910 <... futex resumed> ) = 0 <0.001787>
101992 1703576265.015974 <... futex resumed> ) = 1 <0.000337>
101993 1703576265.016220 futex(0x5656e8, FUTEX_WAKE_PRIVATE, 1) = 1 <0.000059>
101989 1703576265.016378 <... futex resumed> ) = 0 <0.002246>
101994 1703576265.017696 futex(0xc000080148, FUTEX_WAIT_PRIVATE, 0, NULL <unfinished ...>
101992 1703576265.017757 futex(0xc000044548, FUTEX_WAIT_PRIVATE, 0, NULL <unfinished ...>
101989 1703576265.021640 futex(0xc000080148, FUTEX_WAKE_PRIVATE, 1 <unfinished ...>
101994 1703576265.022221 <... futex resumed> ) = 0 <0.004492>
101989 1703576265.022319 <... futex resumed> ) = 1 <0.000620>
101991 1703576265.022605 <... nanosleep resumed> NULL) = 0 <0.010413>
101994 1703576265.022750 futex(0xc000044548, FUTEX_WAKE_PRIVATE, 1 <unfinished ...>
101991 1703576265.022770 nanosleep({tv_sec=0, tv_nsec=10000000},  <unfinished ...>
101994 1703576265.022983 <... futex resumed> ) = 1 <0.000217>
101993 1703576265.023030 futex(0xc000044948, FUTEX_WAIT_PRIVATE, 0, NULL <unfinished ...>
101992 1703576265.023081 <... futex resumed> ) = 0 <0.005315>
101989 1703576265.023181 futex(0x5656e8, FUTEX_WAIT_PRIVATE, 0, NULL <unfinished ...>
101992 1703576265.032948 futex(0x5656e8, FUTEX_WAKE_PRIVATE, 1) = 1 <0.000046>
101994 1703576265.037177 futex(0xc000080148, FUTEX_WAIT_PRIVATE, 0, NULL <unfinished ...>
101991 1703576265.037262 <... nanosleep resumed> NULL) = 0 <0.014471>
101991 1703576265.037425 nanosleep({tv_sec=0, tv_nsec=10000000},  <unfinished ...>
101989 1703576265.037463 <... futex resumed> ) = 0 <0.014271>
101989 1703576265.038268 futex(0xc000080148, FUTEX_WAKE_PRIVATE, 1 <unfinished ...>
101992 1703576265.038358 futex(0xc000044548, FUTEX_WAIT_PRIVATE, 0, NULL <unfinished ...>
101994 1703576265.038510 <... futex resumed> ) = 0 <0.001254>
101989 1703576265.038527 <... futex resumed> ) = 1 <0.000200>
101994 1703576265.038583 futex(0xc000080148, FUTEX_WAIT_PRIVATE, 0, NULL <unfinished ...>
101989 1703576265.039328 futex(0xc000080148, FUTEX_WAKE_PRIVATE, 1 <unfinished ...>
101994 1703576265.039524 <... futex resumed> ) = 0 <0.000928>
101989 1703576265.039544 <... futex resumed> ) = 1 <0.000156>
101994 1703576265.039592 nanosleep({tv_sec=0, tv_nsec=3000}, NULL) = 0 <0.001139>
101994 1703576265.041028 futex(0xc000044548, FUTEX_WAKE_PRIVATE, 1) = 1 <0.000153>
101992 1703576265.041235 <... futex resumed> ) = 0 <0.002866>
101992 1703576265.041340 futex(0xc000044948, FUTEX_WAKE_PRIVATE, 1 <unfinished ...>
101994 1703576265.042821 futex(0xc000080148, FUTEX_WAIT_PRIVATE, 0, NULL <unfinished ...>
101993 1703576265.042912 <... futex resumed> ) = 0 <0.019857>
101992 1703576265.042949 <... futex resumed> ) = 1 <0.001596>
101993 1703576265.043153 futex(0xc000044948, FUTEX_WAIT_PRIVATE, 0, NULL <unfinished ...>
101989 1703576265.043252 futex(0x5656e8, FUTEX_WAIT_PRIVATE, 0, NULL <unfinished ...>
101992 1703576265.043574 futex(0x5656e8, FUTEX_WAKE_PRIVATE, 1) = 1 <0.000290>
101989 1703576265.043970 <... futex resumed> ) = 0 <0.000707>
101989 1703576265.044152 nanosleep({tv_sec=0, tv_nsec=3000}, NULL) = 0 <0.000292>
101989 1703576265.044807 futex(0xc000044948, FUTEX_WAKE_PRIVATE, 1 <unfinished ...>
101993 1703576265.044934 <... futex resumed> ) = 0 <0.001692>
101989 1703576265.044988 <... futex resumed> ) = 1 <0.000146>
101993 1703576265.045004 futex(0xc000080148, FUTEX_WAKE_PRIVATE, 1) = 1 <0.000044>
101992 1703576265.046895 futex(0xc000044548, FUTEX_WAIT_PRIVATE, 0, NULL <unfinished ...>
101989 1703576265.047315 futex(0x5656e8, FUTEX_WAIT_PRIVATE, 0, NULL <unfinished ...>
101994 1703576265.048624 <... futex resumed> ) = 0 <0.005741>
101991 1703576265.048732 <... nanosleep resumed> NULL) = 0 <0.011276>
101994 1703576265.048827 futex(0x5656e8, FUTEX_WAKE_PRIVATE, 1 <unfinished ...>
101991 1703576265.048869 nanosleep({tv_sec=0, tv_nsec=10000000},  <unfinished ...>
101994 1703576265.048941 <... futex resumed> ) = 1 <0.000099>
101989 1703576265.049152 <... futex resumed> ) = 0 <0.001770>
101989 1703576265.049423 futex(0xc000044548, FUTEX_WAKE_PRIVATE, 1 <unfinished ...>
101992 1703576265.049511 <... futex resumed> ) = 0 <0.002556>
101989 1703576265.049527 <... futex resumed> ) = 1 <0.000080>
101994 1703576265.050270 futex(0xc000080148, FUTEX_WAIT_PRIVATE, 0, NULL <unfinished ...>
101992 1703576265.050345 futex(0xc000044548, FUTEX_WAIT_PRIVATE, 0, NULL <unfinished ...>
101989 1703576265.050359 futex(0x5656e8, FUTEX_WAIT_PRIVATE, 0, NULL <unfinished ...>
101993 1703576265.050561 futex(0xc000044548, FUTEX_WAKE_PRIVATE, 1) = 1 <0.001558>
101992 1703576265.052248 <... futex resumed> ) = 0 <0.001892>
101992 1703576265.053217 futex(0x5656e8, FUTEX_WAKE_PRIVATE, 1) = 1 <0.000407>
101989 1703576265.053767 <... futex resumed> ) = 0 <0.003401>
101989 1703576265.054101 futex(0xc000080148, FUTEX_WAKE_PRIVATE, 1 <unfinished ...>
101994 1703576265.054440 <... futex resumed> ) = 0 <0.004117>
101989 1703576265.054504 <... futex resumed> ) = 1 <0.000379>
101994 1703576265.055571 futex(0x5656e8, FUTEX_WAKE_PRIVATE, 1 <unfinished ...>
101993 1703576265.055664 futex(0xc000044948, FUTEX_WAIT_PRIVATE, 0, NULL <unfinished ...>
101992 1703576265.055695 futex(0xc000044548, FUTEX_WAIT_PRIVATE, 0, NULL <unfinished ...>
101989 1703576265.055730 futex(0x5656e8, FUTEX_WAIT_PRIVATE, 0, NULL <unfinished ...>
101994 1703576265.055762 <... futex resumed> ) = 0 <0.000127>
101989 1703576265.055950 <... futex resumed> ) = -1 EAGAIN (Resource temporarily unavailable) <0.000206>
101989 1703576265.056142 futex(0xc000044548, FUTEX_WAKE_PRIVATE, 1) = 1 <0.000181>
101992 1703576265.056476 <... futex resumed> ) = 0 <0.000773>
101992 1703576265.056612 futex(0xc000044948, FUTEX_WAKE_PRIVATE, 1 <unfinished ...>
101993 1703576265.056801 <... futex resumed> ) = 0 <0.001110>
101992 1703576265.056844 <... futex resumed> ) = 1 <0.000222>
101994 1703576265.057908 futex(0xc000080148, FUTEX_WAIT_PRIVATE, 0, NULL <unfinished ...>
101993 1703576265.057952 futex(0xc000044948, FUTEX_WAIT_PRIVATE, 0, NULL <unfinished ...>
101992 1703576265.057965 futex(0xc000044548, FUTEX_WAIT_PRIVATE, 0, NULL <unfinished ...>
101989 1703576265.057996 futex(0xc000044948, FUTEX_WAKE_PRIVATE, 1 <unfinished ...>
101993 1703576265.058015 <... futex resumed> ) = -1 EAGAIN (Resource temporarily unavailable) <0.000055>
101993 1703576265.058035 nanosleep({tv_sec=0, tv_nsec=3000},  <unfinished ...>
101989 1703576265.058326 <... futex resumed> ) = 0 <0.000316>
101993 1703576265.058587 <... nanosleep resumed> NULL) = 0 <0.000528>
101991 1703576265.059144 <... nanosleep resumed> NULL) = 0 <0.010248>
101991 1703576265.059265 nanosleep({tv_sec=0, tv_nsec=10000000}, NULL) = 0 <0.010488>
101993 1703576265.069874 futex(0xc000080148, FUTEX_WAKE_PRIVATE, 1) = 1 <0.000080>
101991 1703576265.069981 nanosleep({tv_sec=0, tv_nsec=10000000},  <unfinished ...>
101994 1703576265.070156 <... futex resumed> ) = 0 <0.012232>
101994 1703576265.071830 futex(0xc000044548, FUTEX_WAKE_PRIVATE, 1 <unfinished ...>
101993 1703576265.071899 futex(0xc000044948, FUTEX_WAIT_PRIVATE, 0, NULL <unfinished ...>
101989 1703576265.071939 futex(0x5656e8, FUTEX_WAIT_PRIVATE, 0, NULL <unfinished ...>
101994 1703576265.072061 <... futex resumed> ) = 1 <0.000187>
101992 1703576265.072127 <... futex resumed> ) = 0 <0.014156>
101992 1703576265.072353 futex(0xc000044548, FUTEX_WAIT_PRIVATE, 0, NULL <unfinished ...>
101994 1703576265.073017 futex(0xc000044548, FUTEX_WAKE_PRIVATE, 1) = 1 <0.000446>
101992 1703576265.073607 <... futex resumed> ) = 0 <0.001194>
101992 1703576265.073843 futex(0xc000044948, FUTEX_WAKE_PRIVATE, 1 <unfinished ...>
101993 1703576265.074123 <... futex resumed> ) = 0 <0.002207>
101992 1703576265.074210 <... futex resumed> ) = 1 <0.000309>
101993 1703576265.074412 futex(0x5656e8, FUTEX_WAKE_PRIVATE, 1 <unfinished ...>
101994 1703576265.076322 futex(0xc000080148, FUTEX_WAIT_PRIVATE, 0, NULL <unfinished ...>
101993 1703576265.076433 <... futex resumed> ) = 1 <0.001962>
101992 1703576265.080772 futex(0xc000044548, FUTEX_WAIT_PRIVATE, 0, NULL <unfinished ...>
101991 1703576265.080861 <... nanosleep resumed> NULL) = 0 <0.010862>
101989 1703576265.080876 <... futex resumed> ) = 0 <0.008929>
101989 1703576265.080901 futex(0xc000044548, FUTEX_WAKE_PRIVATE, 1) = 0 <0.000008>
101991 1703576265.080925 nanosleep({tv_sec=0, tv_nsec=10000000},  <unfinished ...>
101992 1703576265.080972 <... futex resumed> ) = -1 EAGAIN (Resource temporarily unavailable) <0.000139>
101993 1703576265.081141 futex(0xc000044948, FUTEX_WAIT_PRIVATE, 0, NULL <unfinished ...>
101992 1703576265.081186 futex(0xc000080148, FUTEX_WAKE_PRIVATE, 1 <unfinished ...>
101994 1703576265.081681 <... futex resumed> ) = 0 <0.005301>
101992 1703576265.081738 <... futex resumed> ) = 1 <0.000542>
101994 1703576265.081925 futex(0xc000080148, FUTEX_WAIT_PRIVATE, 0, NULL <unfinished ...>
101989 1703576265.081960 futex(0x5656e8, FUTEX_WAIT_PRIVATE, 0, NULL <unfinished ...>
101992 1703576265.083067 futex(0xc000080148, FUTEX_WAKE_PRIVATE, 1) = 1 <0.000847>
101994 1703576265.084070 <... futex resumed> ) = 0 <0.002117>
101994 1703576265.084095 nanosleep({tv_sec=0, tv_nsec=3000}, NULL) = 0 <0.001294>
101994 1703576265.085672 futex(0x5656e8, FUTEX_WAKE_PRIVATE, 1) = 1 <0.000148>
101989 1703576265.085911 <... futex resumed> ) = 0 <0.003943>
101994 1703576265.087925 futex(0xc000080148, FUTEX_WAIT_PRIVATE, 0, NULL <unfinished ...>
101989 1703576265.087993 futex(0xc000080148, FUTEX_WAKE_PRIVATE, 1) = 0 <0.000187>
101994 1703576265.088230 <... futex resumed> ) = -1 EAGAIN (Resource temporarily unavailable) <0.000245>
101989 1703576265.090684 futex(0x5656e8, FUTEX_WAIT_PRIVATE, 0, NULL <unfinished ...>
101994 1703576265.090770 futex(0x5656e8, FUTEX_WAKE_PRIVATE, 1) = 0 <0.000262>
101991 1703576265.091153 <... nanosleep resumed> NULL) = 0 <0.010210>
101991 1703576265.091178 nanosleep({tv_sec=0, tv_nsec=10000000},  <unfinished ...>
101989 1703576265.091203 <... futex resumed> ) = -1 EAGAIN (Resource temporarily unavailable) <0.000491>
101989 1703576265.091472 futex(0xc000044948, FUTEX_WAKE_PRIVATE, 1) = 1 <0.000277>
101993 1703576265.092995 <... futex resumed> ) = 0 <0.011831>
101994 1703576265.093057 futex(0xc000080148, FUTEX_WAIT_PRIVATE, 0, NULL <unfinished ...>
101992 1703576265.093076 futex(0xc000044548, FUTEX_WAIT_PRIVATE, 0, NULL <unfinished ...>
101993 1703576265.093381 futex(0xc000044948, FUTEX_WAIT_PRIVATE, 0, NULL <unfinished ...>
101989 1703576265.093469 futex(0xc000044948, FUTEX_WAKE_PRIVATE, 1 <unfinished ...>
101993 1703576265.093764 <... futex resumed> ) = -1 EAGAIN (Resource temporarily unavailable) <0.000319>
101989 1703576265.093852 <... futex resumed> ) = 0 <0.000370>
101993 1703576265.094086 nanosleep({tv_sec=0, tv_nsec=3000}, NULL) = 0 <0.000728>
101993 1703576265.095158 futex(0xc000080148, FUTEX_WAKE_PRIVATE, 1 <unfinished ...>
101994 1703576265.095469 <... futex resumed> ) = 0 <0.002393>
101993 1703576265.095555 <... futex resumed> ) = 1 <0.000348>
101994 1703576265.097596 futex(0xc000044948, FUTEX_WAKE_PRIVATE, 1 <unfinished ...>
101993 1703576265.097688 futex(0xc000044948, FUTEX_WAIT_PRIVATE, 0, NULL <unfinished ...>
101994 1703576265.098601 <... futex resumed> ) = 0 <0.000944>
101993 1703576265.098685 <... futex resumed> ) = -1 EAGAIN (Resource temporarily unavailable) <0.000981>
101993 1703576265.099352 futex(0xc000044548, FUTEX_WAKE_PRIVATE, 1) = 1 <0.000696>
101992 1703576265.100166 <... futex resumed> ) = 0 <0.007083>
101992 1703576265.100894 futex(0xc000044548, FUTEX_WAIT_PRIVATE, 0, NULL <unfinished ...>
101989 1703576265.100933 futex(0x5656e8, FUTEX_WAIT_PRIVATE, 0, NULL <unfinished ...>
101994 1703576265.100974 futex(0xc000080148, FUTEX_WAIT_PRIVATE, 0, NULL <unfinished ...>
101993 1703576265.101333 futex(0xc000080148, FUTEX_WAKE_PRIVATE, 1 <unfinished ...>
101994 1703576265.101945 <... futex resumed> ) = 0 <0.000956>
101993 1703576265.102026 <... futex resumed> ) = 1 <0.000642>
101991 1703576265.102040 <... nanosleep resumed> NULL) = 0 <0.010845>
101994 1703576265.102398 nanosleep({tv_sec=0, tv_nsec=3000},  <unfinished ...>
101991 1703576265.102480 nanosleep({tv_sec=0, tv_nsec=10000000}, NULL) = 0 <0.010518>
101994 1703576265.114099 <... nanosleep resumed> NULL) = 0 <0.011642>
101991 1703576265.114181 nanosleep({tv_sec=0, tv_nsec=10000000},  <unfinished ...>
101994 1703576265.115174 futex(0xc000044548, FUTEX_WAKE_PRIVATE, 1) = 1 <0.000759>
101992 1703576265.116061 <... futex resumed> ) = 0 <0.015140>
101994 1703576265.117071 futex(0xc000080148, FUTEX_WAIT_PRIVATE, 0, NULL <unfinished ...>
101992 1703576265.117158 futex(0xc000044548, FUTEX_WAIT_PRIVATE, 0, NULL <unfinished ...>
101993 1703576265.117267 futex(0xc000044548, FUTEX_WAKE_PRIVATE, 1 <unfinished ...>
101992 1703576265.117309 <... futex resumed> ) = -1 EAGAIN (Resource temporarily unavailable) <0.000139>
101993 1703576265.117527 <... futex resumed> ) = 0 <0.000242>
101992 1703576265.117614 nanosleep({tv_sec=0, tv_nsec=3000}, NULL) = 0 <0.000276>
101992 1703576265.118238 futex(0xc000080148, FUTEX_WAKE_PRIVATE, 1 <unfinished ...>
101994 1703576265.118580 <... futex resumed> ) = 0 <0.001396>
101992 1703576265.118663 <... futex resumed> ) = 1 <0.000367>
101994 1703576265.118894 futex(0x5656e8, FUTEX_WAKE_PRIVATE, 1) = 1 <0.000248>
101989 1703576265.119266 <... futex resumed> ) = 0 <0.018325>
101993 1703576265.120057 futex(0xc000044948, FUTEX_WAIT_PRIVATE, 0, NULL <unfinished ...>
101992 1703576265.120119 futex(0xc000044548, FUTEX_WAIT_PRIVATE, 0, NULL <unfinished ...>
101989 1703576265.120155 futex(0x5656e8, FUTEX_WAIT_PRIVATE, 0, NULL <unfinished ...>
101994 1703576265.120361 futex(0x5656e8, FUTEX_WAKE_PRIVATE, 1) = 1 <0.000300>
101989 1703576265.120746 <... futex resumed> ) = 0 <0.000580>
101989 1703576265.121152 futex(0xc000044548, FUTEX_WAKE_PRIVATE, 1 <unfinished ...>
101992 1703576265.121427 <... futex resumed> ) = 0 <0.001293>
101989 1703576265.121520 <... futex resumed> ) = 1 <0.000311>
101994 1703576265.123997 futex(0xc000080148, FUTEX_WAIT_PRIVATE, 0, NULL <unfinished ...>
101992 1703576265.128250 futex(0xc000080148, FUTEX_WAKE_PRIVATE, 1 <unfinished ...>
101994 1703576265.129084 <... futex resumed> ) = 0 <0.005026>
101992 1703576265.129143 <... futex resumed> ) = 1 <0.000836>
101991 1703576265.129156 <... nanosleep resumed> NULL) = 0 <0.014952>
101989 1703576265.129172 futex(0x5656e8, FUTEX_WAIT_PRIVATE, 0, NULL <unfinished ...>
101994 1703576265.129754 futex(0xc000080148, FUTEX_WAIT_PRIVATE, 0, NULL <unfinished ...>
101991 1703576265.129839 nanosleep({tv_sec=0, tv_nsec=10000000},  <unfinished ...>
101992 1703576265.130374 futex(0xc000080148, FUTEX_WAKE_PRIVATE, 1 <unfinished ...>
101994 1703576265.130606 <... futex resumed> ) = 0 <0.000791>
101992 1703576265.130642 <... futex resumed> ) = 1 <0.000215>
101994 1703576265.130721 nanosleep({tv_sec=0, tv_nsec=3000}, NULL) = 0 <0.001075>
101994 1703576265.132029 futex(0x5656e8, FUTEX_WAKE_PRIVATE, 1) = 1 <0.000116>
101989 1703576265.132217 <... futex resumed> ) = 0 <0.003032>
101989 1703576265.132346 futex(0xc000044948, FUTEX_WAKE_PRIVATE, 1) = 1 <0.000092>
101993 1703576265.133563 <... futex resumed> ) = 0 <0.013472>
101992 1703576265.133624 futex(0xc000044548, FUTEX_WAIT_PRIVATE, 0, NULL <unfinished ...>
101989 1703576265.133680 futex(0x5656e8, FUTEX_WAIT_PRIVATE, 0, NULL <unfinished ...>
101993 1703576265.133959 futex(0xc000044948, FUTEX_WAIT_PRIVATE, 0, NULL <unfinished ...>
101994 1703576265.134048 futex(0xc000044948, FUTEX_WAKE_PRIVATE, 1) = 0 <0.000221>
101993 1703576265.134369 <... futex resumed> ) = -1 EAGAIN (Resource temporarily unavailable) <0.000351>
101993 1703576265.134435 nanosleep({tv_sec=0, tv_nsec=3000},  <unfinished ...>
101991 1703576265.140561 <... nanosleep resumed> NULL) = 0 <0.010696>
101993 1703576265.140799 <... nanosleep resumed> NULL) = 0 <0.006341>
101991 1703576265.140852 nanosleep({tv_sec=0, tv_nsec=10000000},  <unfinished ...>
101993 1703576265.140877 futex(0x5656e8, FUTEX_WAKE_PRIVATE, 1) = 1 <0.000016>
101989 1703576265.140915 <... futex resumed> ) = 0 <0.007225>
101994 1703576265.143810 futex(0x5656e8, FUTEX_WAKE_PRIVATE, 1 <unfinished ...>
101993 1703576265.143888 futex(0xc000044948, FUTEX_WAIT_PRIVATE, 0, NULL <unfinished ...>
101989 1703576265.143904 futex(0x5656e8, FUTEX_WAIT_PRIVATE, 0, NULL <unfinished ...>
101994 1703576265.144905 <... futex resumed> ) = 0 <0.001039>
101989 1703576265.144972 <... futex resumed> ) = -1 EAGAIN (Resource temporarily unavailable) <0.001062>
101989 1703576265.145887 futex(0xc000044948, FUTEX_WAKE_PRIVATE, 1 <unfinished ...>
101993 1703576265.146371 <... futex resumed> ) = 0 <0.002467>
101989 1703576265.146456 <... futex resumed> ) = 1 <0.000517>
101993 1703576265.146694 futex(0xc000044548, FUTEX_WAKE_PRIVATE, 1) = 1 <0.001487>
101992 1703576265.148303 <... futex resumed> ) = 0 <0.014666>
101989 1703576265.148341 futex(0x5656e8, FUTEX_WAIT_PRIVATE, 0, NULL <unfinished ...>
101992 1703576265.148532 futex(0xc000044548, FUTEX_WAIT_PRIVATE, 0, NULL <unfinished ...>
101994 1703576265.148582 futex(0xc000080148, FUTEX_WAIT_PRIVATE, 0, NULL <unfinished ...>
101993 1703576265.148945 futex(0xc000080148, FUTEX_WAKE_PRIVATE, 1 <unfinished ...>
101994 1703576265.149277 <... futex resumed> ) = 0 <0.000680>
101993 1703576265.149363 <... futex resumed> ) = 1 <0.000377>
101994 1703576265.149593 nanosleep({tv_sec=0, tv_nsec=3000}, NULL) = 0 <0.000526>
101994 1703576265.150495 futex(0xc000044548, FUTEX_WAKE_PRIVATE, 1) = 1 <0.000199>
101992 1703576265.150834 <... futex resumed> ) = 0 <0.002261>
101992 1703576265.150987 futex(0x5656e8, FUTEX_WAKE_PRIVATE, 1 <unfinished ...>
101993 1703576265.152462 futex(0xc000044948, FUTEX_WAIT_PRIVATE, 0, NULL <unfinished ...>
101991 1703576265.152550 <... nanosleep resumed> NULL) = 0 <0.011677>
101991 1703576265.152751 nanosleep({tv_sec=0, tv_nsec=10000000},  <unfinished ...>
101994 1703576265.152849 futex(0xc000080148, FUTEX_WAIT_PRIVATE, 0, NULL <unfinished ...>
101992 1703576265.152887 <... futex resumed> ) = 1 <0.001865>
101989 1703576265.152900 <... futex resumed> ) = 0 <0.004547>
101991 1703576265.163560 <... nanosleep resumed> NULL) = 0 <0.010738>
101989 1703576265.163641 futex(0x5656e8, FUTEX_WAIT_PRIVATE, 0, NULL <unfinished ...>
101992 1703576265.163659 futex(0x5656e8, FUTEX_WAKE_PRIVATE, 1) = 0 <0.000053>
101991 1703576265.163756 nanosleep({tv_sec=0, tv_nsec=10000000},  <unfinished ...>
101989 1703576265.163801 <... futex resumed> ) = -1 EAGAIN (Resource temporarily unavailable) <0.000149>
101989 1703576265.164085 futex(0xc000080148, FUTEX_WAKE_PRIVATE, 1 <unfinished ...>
101994 1703576265.164314 <... futex resumed> ) = 0 <0.011450>
101989 1703576265.164359 <... futex resumed> ) = 1 <0.000218>
101994 1703576265.164394 futex(0xc000044948, FUTEX_WAKE_PRIVATE, 1 <unfinished ...>
101992 1703576265.166366 futex(0xc000044548, FUTEX_WAIT_PRIVATE, 0, NULL <unfinished ...>
101994 1703576265.166800 <... futex resumed> ) = 1 <0.002393>
101993 1703576265.166886 <... futex resumed> ) = 0 <0.014366>
101989 1703576265.166925 futex(0x5656e8, FUTEX_WAIT_PRIVATE, 0, NULL <unfinished ...>
101993 1703576265.167154 futex(0xc000044948, FUTEX_WAIT_PRIVATE, 0, NULL <unfinished ...>
101994 1703576265.167596 futex(0xc000044948, FUTEX_WAKE_PRIVATE, 1) = 1 <0.000279>
101993 1703576265.168018 <... futex resumed> ) = 0 <0.000806>
101994 1703576265.168265 futex(0xc000044948, FUTEX_WAKE_PRIVATE, 1 <unfinished ...>
101993 1703576265.168349 futex(0xc000044948, FUTEX_WAIT_PRIVATE, 0, NULL <unfinished ...>
101994 1703576265.168583 <... futex resumed> ) = 0 <0.000256>
101993 1703576265.168687 <... futex resumed> ) = -1 EAGAIN (Resource temporarily unavailable) <0.000325>
101993 1703576265.168953 futex(0x5656e8, FUTEX_WAKE_PRIVATE, 1) = 1 <0.000255>
101989 1703576265.169355 <... futex resumed> ) = 0 <0.002417>
101989 1703576265.169385 futex(0xc000044548, FUTEX_WAKE_PRIVATE, 1) = 1 <0.000036>
101994 1703576265.170974 futex(0xc000080148, FUTEX_WAIT_PRIVATE, 0, NULL <unfinished ...>
101992 1703576265.171043 <... futex resumed> ) = 0 <0.004614>
101989 1703576265.171055 futex(0x5656e8, FUTEX_WAIT_PRIVATE, 0, NULL <unfinished ...>
101993 1703576265.171266 futex(0xc000044548, FUTEX_WAKE_PRIVATE, 1 <unfinished ...>
101992 1703576265.171352 futex(0xc000044548, FUTEX_WAIT_PRIVATE, 0, NULL <unfinished ...>
101993 1703576265.171551 <... futex resumed> ) = 0 <0.000222>
101992 1703576265.171619 <... futex resumed> ) = -1 EAGAIN (Resource temporarily unavailable) <0.000255>
101992 1703576265.171882 futex(0x5656e8, FUTEX_WAKE_PRIVATE, 1) = 1 <0.000259>
101989 1703576265.172253 <... futex resumed> ) = 0 <0.001191>
101989 1703576265.172276 futex(0xc000080148, FUTEX_WAKE_PRIVATE, 1) = 1 <0.000039>
101994 1703576265.174155 <... futex resumed> ) = 0 <0.003134>
101992 1703576265.174244 futex(0xc000044548, FUTEX_WAIT_PRIVATE, 0, NULL <unfinished ...>
101989 1703576265.174263 futex(0x5656e8, FUTEX_WAIT_PRIVATE, 0, NULL <unfinished ...>
101994 1703576265.175668 futex(0x5656e8, FUTEX_WAKE_PRIVATE, 1 <unfinished ...>
101991 1703576265.175788 <... nanosleep resumed> NULL) = 0 <0.012011>
101991 1703576265.175893 nanosleep({tv_sec=0, tv_nsec=10000000},  <unfinished ...>
101994 1703576265.176713 <... futex resumed> ) = 1 <0.000953>
101989 1703576265.176811 <... futex resumed> ) = 0 <0.002538>
101989 1703576265.176835 futex(0xc000044548, FUTEX_WAKE_PRIVATE, 1) = 1 <0.000010>
101993 1703576265.177897 futex(0xc000044948, FUTEX_WAIT_PRIVATE, 0, NULL <unfinished ...>
101992 1703576265.177969 <... futex resumed> ) = 0 <0.003710>
101989 1703576265.178005 futex(0x5656e8, FUTEX_WAIT_PRIVATE, 0, NULL <unfinished ...>
101994 1703576265.178303 futex(0xc000044548, FUTEX_WAKE_PRIVATE, 1 <unfinished ...>
101992 1703576265.178386 futex(0xc000044548, FUTEX_WAIT_PRIVATE, 0, NULL <unfinished ...>
101994 1703576265.178603 <... futex resumed> ) = 0 <0.000228>
101992 1703576265.178640 <... futex resumed> ) = -1 EAGAIN (Resource temporarily unavailable) <0.000242>
101992 1703576265.178734 nanosleep({tv_sec=0, tv_nsec=3000}, NULL) = 0 <0.000698>
101992 1703576265.179737 futex(0x5656e8, FUTEX_WAKE_PRIVATE, 1) = 1 <0.000139>
101989 1703576265.179968 <... futex resumed> ) = 0 <0.001935>
101989 1703576265.180219 futex(0xc000044948, FUTEX_WAKE_PRIVATE, 1) = 1 <0.000277>
101993 1703576265.180596 <... futex resumed> ) = 0 <0.002654>
101993 1703576265.181305 futex(0xc000044948, FUTEX_WAIT_PRIVATE, 0, NULL <unfinished ...>
101992 1703576265.181329 futex(0xc000044548, FUTEX_WAIT_PRIVATE, 0, NULL <unfinished ...>
101989 1703576265.181366 futex(0x5656e8, FUTEX_WAIT_PRIVATE, 0, NULL <unfinished ...>
101994 1703576265.181645 futex(0x5656e8, FUTEX_WAKE_PRIVATE, 1) = 1 <0.000270>
101989 1703576265.182060 <... futex resumed> ) = 0 <0.000684>
101989 1703576265.182315 futex(0xc000044548, FUTEX_WAKE_PRIVATE, 1 <unfinished ...>
101992 1703576265.182643 <... futex resumed> ) = 0 <0.001302>
101989 1703576265.182705 <... futex resumed> ) = 1 <0.000334>
101992 1703576265.182937 futex(0xc000044948, FUTEX_WAKE_PRIVATE, 1) = 1 <0.000104>
101993 1703576265.183126 <... futex resumed> ) = 0 <0.001802>
101994 1703576265.184167 nanosleep({tv_sec=0, tv_nsec=3000},  <unfinished ...>
101993 1703576265.184246 futex(0xc000044948, FUTEX_WAIT_PRIVATE, 0, NULL <unfinished ...>
101992 1703576265.184261 futex(0xc000044548, FUTEX_WAIT_PRIVATE, 0, NULL <unfinished ...>
101994 1703576265.184735 <... nanosleep resumed> NULL) = 0 <0.000510>
101994 1703576265.185049 futex(0xc000044948, FUTEX_WAKE_PRIVATE, 1) = 1 <0.000239>
101993 1703576265.185444 <... futex resumed> ) = 0 <0.001185>
101993 1703576265.185469 futex(0xc000044548, FUTEX_WAKE_PRIVATE, 1) = 1 <0.000036>
101994 1703576265.189459 futex(0xc000080148, FUTEX_WAIT_PRIVATE, 0, NULL <unfinished ...>
101992 1703576265.189526 <... futex resumed> ) = 0 <0.005258>
101991 1703576265.189540 <... nanosleep resumed> NULL) = 0 <0.013625>
101989 1703576265.189573 futex(0x5656e8, FUTEX_WAIT_PRIVATE, 0, NULL <unfinished ...>
101992 1703576265.190562 futex(0x5656e8, FUTEX_WAKE_PRIVATE, 1 <unfinished ...>
101991 1703576265.190629 nanosleep({tv_sec=0, tv_nsec=10000000},  <unfinished ...>
101989 1703576265.190674 <... futex resumed> ) = -1 EAGAIN (Resource temporarily unavailable) <0.001091>
101992 1703576265.191241 <... futex resumed> ) = 0 <0.000615>
101989 1703576265.191268 futex(0xc000080148, FUTEX_WAKE_PRIVATE, 1 <unfinished ...>
101993 1703576265.192154 futex(0xc000044948, FUTEX_WAIT_PRIVATE, 0, NULL <unfinished ...>
101992 1703576265.192219 futex(0xc000044548, FUTEX_WAIT_PRIVATE, 0, NULL <unfinished ...>
101989 1703576265.192234 <... futex resumed> ) = 1 <0.000957>
101994 1703576265.192269 <... futex resumed> ) = 0 <0.002751>
101994 1703576265.192528 futex(0xc000080148, FUTEX_WAIT_PRIVATE, 0, NULL <unfinished ...>
101989 1703576265.192948 futex(0xc000080148, FUTEX_WAKE_PRIVATE, 1) = 1 <0.000218>
101994 1703576265.193341 <... futex resumed> ) = 0 <0.000751>
101994 1703576265.193585 futex(0xc000044548, FUTEX_WAKE_PRIVATE, 1) = 1 <0.000054>
101992 1703576265.193723 <... futex resumed> ) = 0 <0.001493>
101992 1703576265.193744 futex(0xc000044948, FUTEX_WAKE_PRIVATE, 1) = 1 <0.000036>
101993 1703576265.193930 <... futex resumed> ) = 0 <0.001743>
101994 1703576265.195209 nanosleep({tv_sec=0, tv_nsec=3000},  <unfinished ...>
101993 1703576265.195278 futex(0x5656e8, FUTEX_WAKE_PRIVATE, 1 <unfinished ...>
101992 1703576265.195315 futex(0xc000044548, FUTEX_WAIT_PRIVATE, 0, NULL <unfinished ...>
101989 1703576265.195327 futex(0x5656e8, FUTEX_WAIT_PRIVATE, 0, NULL <unfinished ...>
101994 1703576265.195546 <... nanosleep resumed> NULL) = 0 <0.000269>
101993 1703576265.195611 <... futex resumed> ) = 0 <0.000323>
101989 1703576265.195667 <... futex resumed> ) = -1 EAGAIN (Resource temporarily unavailable) <0.000333>
101993 1703576265.195901 futex(0xc000044948, FUTEX_WAIT_PRIVATE, 0, NULL <unfinished ...>
101989 1703576265.195966 nanosleep({tv_sec=0, tv_nsec=3000}, NULL) = 0 <0.000696>
101989 1703576265.196971 futex(0xc000044948, FUTEX_WAKE_PRIVATE, 1 <unfinished ...>
101993 1703576265.197265 <... futex resumed> ) = 0 <0.001329>
101989 1703576265.197324 <... futex resumed> ) = 1 <0.000329>
101993 1703576265.197532 futex(0xc000044548, FUTEX_WAKE_PRIVATE, 1) = 1 <0.000248>
101992 1703576265.197877 <... futex resumed> ) = 0 <0.002552>
101994 1703576265.198674 futex(0xc000080148, FUTEX_WAIT_PRIVATE, 0, NULL <unfinished ...>
101993 1703576265.198694 futex(0xc000044948, FUTEX_WAIT_PRIVATE, 0, NULL <unfinished ...>
101992 1703576265.198728 futex(0xc000080148, FUTEX_WAKE_PRIVATE, 1 <unfinished ...>
101989 1703576265.198740 futex(0x5656e8, FUTEX_WAIT_PRIVATE, 0, NULL <unfinished ...>
101992 1703576265.198779 <... futex resumed> ) = 0 <0.000043>
101994 1703576265.199039 <... futex resumed> ) = -1 EAGAIN (Resource temporarily unavailable) <0.000347>
101994 1703576265.203619 futex(0x5656e8, FUTEX_WAKE_PRIVATE, 1 <unfinished ...>
101992 1703576265.203670 futex(0xc000044548, FUTEX_WAIT_PRIVATE, 0, NULL <unfinished ...>
101991 1703576265.203682 <... nanosleep resumed> NULL) = 0 <0.013034>
101994 1703576265.203948 <... futex resumed> ) = 1 <0.000278>
101991 1703576265.204014 nanosleep({tv_sec=0, tv_nsec=10000000},  <unfinished ...>
101989 1703576265.204062 <... futex resumed> ) = 0 <0.005315>
101989 1703576265.204325 futex(0x5656e8, FUTEX_WAIT_PRIVATE, 0, NULL <unfinished ...>
101994 1703576265.204927 futex(0x5656e8, FUTEX_WAKE_PRIVATE, 1) = 1 <0.000081>
101989 1703576265.206438 <... futex resumed> ) = 0 <0.002078>
101989 1703576265.207454 futex(0xc000044548, FUTEX_WAKE_PRIVATE, 1) = 1 <0.000512>
101992 1703576265.208123 <... futex resumed> ) = 0 <0.004442>
101992 1703576265.208149 futex(0xc000044948, FUTEX_WAKE_PRIVATE, 1) = 1 <0.000036>
101993 1703576265.208309 <... futex resumed> ) = 0 <0.009607>
101994 1703576265.209095 futex(0xc000044948, FUTEX_WAKE_PRIVATE, 1 <unfinished ...>
101993 1703576265.209120 futex(0xc000044948, FUTEX_WAIT_PRIVATE, 0, NULL <unfinished ...>
101992 1703576265.209154 futex(0xc000044548, FUTEX_WAIT_PRIVATE, 0, NULL <unfinished ...>
101989 1703576265.209168 futex(0x5656e8, FUTEX_WAIT_PRIVATE, 0, NULL <unfinished ...>
101993 1703576265.209246 <... futex resumed> ) = -1 EAGAIN (Resource temporarily unavailable) <0.000118>
101994 1703576265.209466 <... futex resumed> ) = 0 <0.000344>
101993 1703576265.209530 nanosleep({tv_sec=0, tv_nsec=3000}, NULL) = 0 <0.001232>
101993 1703576265.211035 futex(0xc000044548, FUTEX_WAKE_PRIVATE, 1) = 1 <0.000140>
101992 1703576265.211307 <... futex resumed> ) = 0 <0.002142>
101992 1703576265.211330 futex(0x5656e8, FUTEX_WAKE_PRIVATE, 1) = 1 <0.000034>
101989 1703576265.211504 <... futex resumed> ) = 0 <0.002329>
101992 1703576265.212068 nanosleep({tv_sec=0, tv_nsec=3000}, NULL) = 0 <0.000167>
101993 1703576265.212658 futex(0xc000044948, FUTEX_WAIT_PRIVATE, 0, NULL <unfinished ...>
101989 1703576265.212728 futex(0x5656e8, FUTEX_WAIT_PRIVATE, 0, NULL <unfinished ...>
101994 1703576265.213050 futex(0xc000080148, FUTEX_WAIT_PRIVATE, 0, NULL <unfinished ...>
101992 1703576265.213129 futex(0xc000080148, FUTEX_WAKE_PRIVATE, 1) = 0 <0.000008>
101994 1703576265.213265 <... futex resumed> ) = -1 EAGAIN (Resource temporarily unavailable) <0.000195>
101994 1703576265.213577 futex(0xc000044948, FUTEX_WAKE_PRIVATE, 1) = 1 <0.000194>
101993 1703576265.213907 <... futex resumed> ) = 0 <0.001207>
101993 1703576265.214000 futex(0x5656e8, FUTEX_WAKE_PRIVATE, 1) = 1 <0.000123>
101989 1703576265.214200 <... futex resumed> ) = 0 <0.001455>
101991 1703576265.214344 <... nanosleep resumed> NULL) = 0 <0.010309>
101991 1703576265.214462 nanosleep({tv_sec=0, tv_nsec=10000000},  <unfinished ...>
101994 1703576265.215797 futex(0xc000080148, FUTEX_WAIT_PRIVATE, 0, NULL <unfinished ...>
101993 1703576265.215916 futex(0xc000044948, FUTEX_WAIT_PRIVATE, 0, NULL <unfinished ...>
101992 1703576265.215943 futex(0xc000080148, FUTEX_WAKE_PRIVATE, 1 <unfinished ...>
101989 1703576265.215952 futex(0x5656e8, FUTEX_WAIT_PRIVATE, 0, NULL <unfinished ...>
101994 1703576265.216106 <... futex resumed> ) = -1 EAGAIN (Resource temporarily unavailable) <0.000198>
101992 1703576265.216131 <... futex resumed> ) = 0 <0.000181>
101994 1703576265.216335 nanosleep({tv_sec=0, tv_nsec=3000}, NULL) = 0 <0.001539>
101994 1703576265.218267 futex(0x5656e8, FUTEX_WAKE_PRIVATE, 1) = 1 <0.000236>
101989 1703576265.218669 <... futex resumed> ) = 0 <0.002709>
101989 1703576265.218696 futex(0xc000044948, FUTEX_WAKE_PRIVATE, 1) = 1 <0.000010>
101989 1703576265.219491 futex(0x5656e8, FUTEX_WAIT_PRIVATE, 0, NULL <unfinished ...>
101993 1703576265.219547 <... futex resumed> ) = 0 <0.003608>
101993 1703576265.219567 futex(0xc000044948, FUTEX_WAIT_PRIVATE, 0, NULL <unfinished ...>
101992 1703576265.219629 futex(0xc000044548, FUTEX_WAIT_PRIVATE, 0, NULL <unfinished ...>
101994 1703576265.220051 futex(0xc000044548, FUTEX_WAKE_PRIVATE, 1) = 1 <0.000648>
101992 1703576265.220846 <... futex resumed> ) = 0 <0.001207>
101992 1703576265.221917 futex(0xc000044948, FUTEX_WAKE_PRIVATE, 1) = 1 <0.000882>
101993 1703576265.222931 <... futex resumed> ) = 0 <0.003357>
101993 1703576265.222956 futex(0x5656e8, FUTEX_WAKE_PRIVATE, 1) = 1 <0.000009>
101989 1703576265.223502 <... futex resumed> ) = 0 <0.003966>
101994 1703576265.224255 futex(0xc000080148, FUTEX_WAIT_PRIVATE, 0, NULL <unfinished ...>
101993 1703576265.224303 futex(0xc000044948, FUTEX_WAIT_PRIVATE, 0, NULL <unfinished ...>
101992 1703576265.224317 futex(0xc000044548, FUTEX_WAIT_PRIVATE, 0, NULL <unfinished ...>
101989 1703576265.224350 futex(0xc000044948, FUTEX_WAKE_PRIVATE, 1 <unfinished ...>
101993 1703576265.224393 <... futex resumed> ) = -1 EAGAIN (Resource temporarily unavailable) <0.000080>
101993 1703576265.224433 nanosleep({tv_sec=0, tv_nsec=3000}, NULL) = 0 <0.000264>
101991 1703576265.224819 <... nanosleep resumed> NULL) = 0 <0.010316>
101989 1703576265.224835 <... futex resumed> ) = 0 <0.000476>
101993 1703576265.225048 futex(0xc000044548, FUTEX_WAKE_PRIVATE, 1 <unfinished ...>
101991 1703576265.225134 nanosleep({tv_sec=0, tv_nsec=10000000},  <unfinished ...>
101989 1703576265.225158 futex(0x5656e8, FUTEX_WAIT_PRIVATE, 0, NULL <unfinished ...>
101993 1703576265.225283 <... futex resumed> ) = 1 <0.000178>
101992 1703576265.225324 <... futex resumed> ) = 0 <0.001000>
101993 1703576265.225510 futex(0xc000044548, FUTEX_WAKE_PRIVATE, 1 <unfinished ...>
101992 1703576265.225596 futex(0xc000044548, FUTEX_WAIT_PRIVATE, 0, NULL <unfinished ...>
101993 1703576265.225634 <... futex resumed> ) = 0 <0.000068>
101992 1703576265.225861 <... futex resumed> ) = -1 EAGAIN (Resource temporarily unavailable) <0.000248>
101992 1703576265.226129 futex(0x5656e8, FUTEX_WAKE_PRIVATE, 1) = 1 <0.000060>
101989 1703576265.226260 <... futex resumed> ) = 0 <0.001094>
101989 1703576265.226341 futex(0xc000080148, FUTEX_WAKE_PRIVATE, 1 <unfinished ...>
101992 1703576265.228310 futex(0xc000044548, FUTEX_WAIT_PRIVATE, 0, NULL <unfinished ...>
101989 1703576265.228397 <... futex resumed> ) = 1 <0.002045>
101994 1703576265.228422 <... futex resumed> ) = 0 <0.004151>
101994 1703576265.228443 futex(0xc000080148, FUTEX_WAIT_PRIVATE, 0, NULL <unfinished ...>
101993 1703576265.228764 futex(0xc000044948, FUTEX_WAIT_PRIVATE, 0, NULL <unfinished ...>
101989 1703576265.229077 futex(0xc000044948, FUTEX_WAKE_PRIVATE, 1 <unfinished ...>
101993 1703576265.229337 <... futex resumed> ) = 0 <0.000509>
101989 1703576265.229401 <... futex resumed> ) = 1 <0.000268>
101993 1703576265.229624 nanosleep({tv_sec=0, tv_nsec=3000}, NULL) = 0 <0.000906>
101993 1703576265.230882 futex(0xc000080148, FUTEX_WAKE_PRIVATE, 1) = 1 <0.000181>
101994 1703576265.231200 <... futex resumed> ) = 0 <0.002748>
101994 1703576265.231226 futex(0xc000044548, FUTEX_WAKE_PRIVATE, 1) = 1 <0.000036>
101993 1703576265.232499 futex(0xc000044948, FUTEX_WAIT_PRIVATE, 0, NULL <unfinished ...>
101992 1703576265.232568 <... futex resumed> ) = 0 <0.004201>
101989 1703576265.232616 futex(0x5656e8, FUTEX_WAIT_PRIVATE, 0, NULL <unfinished ...>
101992 1703576265.232908 futex(0xc000044548, FUTEX_WAIT_PRIVATE, 0, NULL <unfinished ...>
101994 1703576265.233183 futex(0xc000044548, FUTEX_WAKE_PRIVATE, 1 <unfinished ...>
101992 1703576265.233271 <... futex resumed> ) = -1 EAGAIN (Resource temporarily unavailable) <0.000301>
101994 1703576265.233477 <... futex resumed> ) = 0 <0.000231>
101992 1703576265.233565 nanosleep({tv_sec=0, tv_nsec=3000}, NULL) = 0 <0.000272>
101992 1703576265.234187 futex(0x5656e8, FUTEX_WAKE_PRIVATE, 1) = 1 <0.000208>
101989 1703576265.234553 <... futex resumed> ) = 0 <0.001914>
101991 1703576265.236024 <... nanosleep resumed> NULL) = 0 <0.010864>
101991 1703576265.236112 nanosleep({tv_sec=0, tv_nsec=10000000},  <unfinished ...>
101994 1703576265.237385 futex(0x5656e8, FUTEX_WAKE_PRIVATE, 1 <unfinished ...>
101992 1703576265.237423 futex(0xc000044548, FUTEX_WAIT_PRIVATE, 0, NULL <unfinished ...>
101989 1703576265.237462 futex(0x5656e8, FUTEX_WAIT_PRIVATE, 0, NULL <unfinished ...>
101994 1703576265.238472 <... futex resumed> ) = 0 <0.001049>
101989 1703576265.238564 <... futex resumed> ) = -1 EAGAIN (Resource temporarily unavailable) <0.001092>
101989 1703576265.239060 futex(0xc000044548, FUTEX_WAKE_PRIVATE, 1) = 1 <0.000212>
101992 1703576265.239367 <... futex resumed> ) = 0 <0.001935>
101992 1703576265.239616 futex(0xc000044948, FUTEX_WAKE_PRIVATE, 1) = 1 <0.000180>
101993 1703576265.239915 <... futex resumed> ) = 0 <0.007375>
101994 1703576265.240971 futex(0xc000080148, FUTEX_WAIT_PRIVATE, 0, NULL <unfinished ...>
101993 1703576265.241058 futex(0xc000080148, FUTEX_WAKE_PRIVATE, 1 <unfinished ...>
101992 1703576265.241094 futex(0xc000044548, FUTEX_WAIT_PRIVATE, 0, NULL <unfinished ...>
101994 1703576265.241109 <... futex resumed> ) = -1 EAGAIN (Resource temporarily unavailable) <0.000081>
101993 1703576265.241146 <... futex resumed> ) = 0 <0.000077>
101989 1703576265.241161 futex(0x5656e8, FUTEX_WAIT_PRIVATE, 0, NULL <unfinished ...>
101994 1703576265.241214 nanosleep({tv_sec=0, tv_nsec=3000}, NULL) = 0 <0.001242>
101994 1703576265.242794 futex(0x5656e8, FUTEX_WAKE_PRIVATE, 1) = 1 <0.000046>
101989 1703576265.242920 <... futex resumed> ) = 0 <0.001752>
101989 1703576265.242944 futex(0xc000044548, FUTEX_WAKE_PRIVATE, 1) = 1 <0.000011>
101992 1703576265.243186 <... futex resumed> ) = 0 <0.002082>
101994 1703576265.244011 futex(0xc000080148, FUTEX_WAIT_PRIVATE, 0, NULL <unfinished ...>
101993 1703576265.244081 futex(0xc000044948, FUTEX_WAIT_PRIVATE, 0, NULL <unfinished ...>
101992 1703576265.244115 futex(0xc000044548, FUTEX_WAIT_PRIVATE, 0, NULL <unfinished ...>
101989 1703576265.244139 futex(0xc000044948, FUTEX_WAKE_PRIVATE, 1) = 0 <0.000008>
101993 1703576265.244271 <... futex resumed> ) = -1 EAGAIN (Resource temporarily unavailable) <0.000179>
101993 1703576265.244477 futex(0xc000080148, FUTEX_WAKE_PRIVATE, 1 <unfinished ...>
101994 1703576265.244603 <... futex resumed> ) = 0 <0.000549>
101993 1703576265.244707 <... futex resumed> ) = 1 <0.000218>
101994 1703576265.244744 futex(0xc000044548, FUTEX_WAKE_PRIVATE, 1) = 1 <0.000111>
101992 1703576265.244986 <... futex resumed> ) = 0 <0.000861>
101992 1703576265.246207 futex(0xc000044548, FUTEX_WAIT_PRIVATE, 0, NULL <unfinished ...>
101994 1703576265.246253 futex(0xc000080148, FUTEX_WAIT_PRIVATE, 0, NULL <unfinished ...>
101989 1703576265.246302 futex(0xc000080148, FUTEX_WAKE_PRIVATE, 1) = 0 <0.000007>
101994 1703576265.246327 <... futex resumed> ) = -1 EAGAIN (Resource temporarily unavailable) <0.000065>
101993 1703576265.246389 nanosleep({tv_sec=0, tv_nsec=3000},  <unfinished ...>
101991 1703576265.246414 <... nanosleep resumed> NULL) = 0 <0.010280>
101991 1703576265.246480 nanosleep({tv_sec=0, tv_nsec=10000000},  <unfinished ...>
101994 1703576265.246525 futex(0xc000080148, FUTEX_WAIT_PRIVATE, 0, NULL <unfinished ...>
101993 1703576265.246718 <... nanosleep resumed> NULL) = 0 <0.000304>
101993 1703576265.246846 futex(0xc000080148, FUTEX_WAKE_PRIVATE, 1) = 1 <0.000109>
101994 1703576265.247028 <... futex resumed> ) = 0 <0.000492>
101994 1703576265.247114 futex(0xc000044548, FUTEX_WAKE_PRIVATE, 1) = 1 <0.000098>
101992 1703576265.247400 <... futex resumed> ) = 0 <0.001151>
101993 1703576265.248507 futex(0xc000044948, FUTEX_WAIT_PRIVATE, 0, NULL <unfinished ...>
101989 1703576265.248577 futex(0x5656e8, FUTEX_WAIT_PRIVATE, 0, NULL <unfinished ...>
101994 1703576265.248674 futex(0xc000080148, FUTEX_WAIT_PRIVATE, 0, NULL <unfinished ...>
101992 1703576265.248764 futex(0xc000080148, FUTEX_WAKE_PRIVATE, 1 <unfinished ...>
101994 1703576265.248779 <... futex resumed> ) = -1 EAGAIN (Resource temporarily unavailable) <0.000052>
101992 1703576265.248799 <... futex resumed> ) = 0 <0.000026>
101994 1703576265.248861 futex(0xc000080148, FUTEX_WAIT_PRIVATE, 0, NULL <unfinished ...>
101992 1703576265.248926 futex(0xc000080148, FUTEX_WAKE_PRIVATE, 1) = 1 <0.000036>
101994 1703576265.249026 <... futex resumed> ) = 0 <0.000153>
101994 1703576265.249120 futex(0x5656e8, FUTEX_WAKE_PRIVATE, 1) = 0 <0.000080>
101989 1703576265.249271 <... futex resumed> ) = -1 EAGAIN (Resource temporarily unavailable) <0.000684>
101989 1703576265.249437 futex(0xc000044948, FUTEX_WAKE_PRIVATE, 1) = 1 <0.000173>
101993 1703576265.249735 <... futex resumed> ) = 0 <0.001186>
101992 1703576265.251007 nanosleep({tv_sec=0, tv_nsec=3000},  <unfinished ...>
101994 1703576265.251039 futex(0xc000080148, FUTEX_WAIT_PRIVATE, 0, NULL <unfinished ...>
101989 1703576265.251077 futex(0x5656e8, FUTEX_WAIT_PRIVATE, 0, NULL <unfinished ...>
101992 1703576265.252757 <... nanosleep resumed> NULL) = 0 <0.001715>
101992 1703576265.253291 futex(0x5656e8, FUTEX_WAKE_PRIVATE, 1) = 1 <0.000352>
101989 1703576265.253766 <... futex resumed> ) = 0 <0.002679>
101989 1703576265.254077 futex(0xc000080148, FUTEX_WAKE_PRIVATE, 1 <unfinished ...>
101993 1703576265.254876 futex(0xc000044948, FUTEX_WAIT_PRIVATE, 0, NULL <unfinished ...>
101992 1703576265.255047 futex(0xc000044548, FUTEX_WAIT_PRIVATE, 0, NULL <unfinished ...>
101994 1703576265.255271 <... futex resumed> ) = 0 <0.004218>
101989 1703576265.255359 <... futex resumed> ) = 1 <0.001247>
101994 1703576265.255578 futex(0xc000080148, FUTEX_WAIT_PRIVATE, 0, NULL <unfinished ...>
101989 1703576265.256097 futex(0xc000080148, FUTEX_WAKE_PRIVATE, 1) = 1 <0.000188>
101994 1703576265.256380 <... futex resumed> ) = 0 <0.000772>
101994 1703576265.256613 futex(0xc000080148, FUTEX_WAIT_PRIVATE, 0, NULL <unfinished ...>
101989 1703576265.256722 futex(0xc000080148, FUTEX_WAKE_PRIVATE, 1 <unfinished ...>
101994 1703576265.256968 <... futex resumed> ) = -1 EAGAIN (Resource temporarily unavailable) <0.000271>
101991 1703576265.257053 <... nanosleep resumed> NULL) = 0 <0.010555>
101989 1703576265.257089 <... futex resumed> ) = 0 <0.000353>
101994 1703576265.257214 nanosleep({tv_sec=0, tv_nsec=3000},  <unfinished ...>
101991 1703576265.257266 nanosleep({tv_sec=0, tv_nsec=10000000},  <unfinished ...>
101994 1703576265.258291 <... nanosleep resumed> NULL) = 0 <0.001047>
101994 1703576265.258516 futex(0xc000044548, FUTEX_WAKE_PRIVATE, 1) = 1 <0.000130>
101992 1703576265.258714 <... futex resumed> ) = 0 <0.003650>
101992 1703576265.258982 futex(0xc000044948, FUTEX_WAKE_PRIVATE, 1 <unfinished ...>
101993 1703576265.259242 <... futex resumed> ) = 0 <0.004335>
101992 1703576265.259300 <... futex resumed> ) = 1 <0.000294>
101994 1703576265.260205 futex(0xc000080148, FUTEX_WAIT_PRIVATE, 0, NULL <unfinished ...>
101993 1703576265.260291 futex(0xc000044948, FUTEX_WAIT_PRIVATE, 0, NULL <unfinished ...>
101989 1703576265.260329 futex(0x5656e8, FUTEX_WAIT_PRIVATE, 0, NULL <unfinished ...>
101992 1703576265.260750 futex(0x5656e8, FUTEX_WAKE_PRIVATE, 1) = 1 <0.000163>
101989 1703576265.261147 <... futex resumed> ) = 0 <0.000807>
101989 1703576265.261324 futex(0xc000080148, FUTEX_WAKE_PRIVATE, 1) = 1 <0.000265>
101994 1703576265.261731 <... futex resumed> ) = 0 <0.001438>
101994 1703576265.262008 futex(0xc000044948, FUTEX_WAKE_PRIVATE, 1) = 1 <0.000209>
101994 1703576265.263696 futex(0xc000080148, FUTEX_WAIT_PRIVATE, 0, NULL <unfinished ...>
101993 1703576265.263785 <... futex resumed> ) = 0 <0.003482>
101992 1703576265.263834 futex(0xc000044548, FUTEX_WAIT_PRIVATE, 0, NULL <unfinished ...>
101993 1703576265.264060 futex(0xc000044948, FUTEX_WAIT_PRIVATE, 0, NULL <unfinished ...>
101989 1703576265.264496 futex(0xc000044948, FUTEX_WAKE_PRIVATE, 1) = 1 <0.000318>
101993 1703576265.264945 <... futex resumed> ) = 0 <0.000827>
101993 1703576265.265190 nanosleep({tv_sec=0, tv_nsec=3000}, NULL) = 0 <0.000625>
101993 1703576265.266141 futex(0xc000044548, FUTEX_WAKE_PRIVATE, 1) = 1 <0.000213>
101992 1703576265.266487 <... futex resumed> ) = 0 <0.002641>
101992 1703576265.266713 futex(0xc000080148, FUTEX_WAKE_PRIVATE, 1 <unfinished ...>
101994 1703576265.267935 <... futex resumed> ) = 0 <0.004176>
101992 1703576265.268023 <... futex resumed> ) = 1 <0.001211>
101993 1703576265.268908 futex(0xc000044948, FUTEX_WAIT_PRIVATE, 0, NULL <unfinished ...>
101991 1703576265.268973 <... nanosleep resumed> NULL) = 0 <0.011693>
101989 1703576265.268986 futex(0x5656e8, FUTEX_WAIT_PRIVATE, 0, NULL <unfinished ...>
101994 1703576265.269885 futex(0xc000080148, FUTEX_WAIT_PRIVATE, 0, NULL <unfinished ...>
101992 1703576265.269967 futex(0xc000080148, FUTEX_WAKE_PRIVATE, 1 <unfinished ...>
101991 1703576265.270004 nanosleep({tv_sec=0, tv_nsec=10000000},  <unfinished ...>
101994 1703576265.270501 <... futex resumed> ) = -1 EAGAIN (Resource temporarily unavailable) <0.000557>
101992 1703576265.270591 <... futex resumed> ) = 0 <0.000612>
101994 1703576265.270824 nanosleep({tv_sec=0, tv_nsec=3000}, NULL) = 0 <0.000578>
101994 1703576265.271788 futex(0x5656e8, FUTEX_WAKE_PRIVATE, 1) = 1 <0.000095>
101989 1703576265.271990 <... futex resumed> ) = 0 <0.002997>
101989 1703576265.272014 futex(0xc000044948, FUTEX_WAKE_PRIVATE, 1) = 1 <0.000035>
101993 1703576265.273371 <... futex resumed> ) = 0 <0.004403>
101992 1703576265.273431 futex(0xc000044548, FUTEX_WAIT_PRIVATE, 0, NULL <unfinished ...>
101989 1703576265.273446 futex(0x5656e8, FUTEX_WAIT_PRIVATE, 0, NULL <unfinished ...>
101993 1703576265.273607 futex(0xc000044948, FUTEX_WAIT_PRIVATE, 0, NULL <unfinished ...>
101994 1703576265.273676 futex(0xc000044948, FUTEX_WAKE_PRIVATE, 1) = 0 <0.000139>
101993 1703576265.273863 <... futex resumed> ) = -1 EAGAIN (Resource temporarily unavailable) <0.000213>
101993 1703576265.274101 futex(0xc000044548, FUTEX_WAKE_PRIVATE, 1) = 1 <0.000291>
101992 1703576265.274539 <... futex resumed> ) = 0 <0.001094>
101994 1703576265.277113 futex(0xc000080148, FUTEX_WAIT_PRIVATE, 0, NULL <unfinished ...>
101992 1703576265.291106 futex(0xc000080148, FUTEX_WAKE_PRIVATE, 1 <unfinished ...>
101991 1703576265.291203 <... nanosleep resumed> NULL) = 0 <0.021179>
101994 1703576265.291363 <... futex resumed> ) = 0 <0.014189>
101992 1703576265.291431 <... futex resumed> ) = 1 <0.000258>
101991 1703576265.291442 nanosleep({tv_sec=0, tv_nsec=10000000},  <unfinished ...>
101993 1703576265.291947 futex(0xc000044948, FUTEX_WAIT_PRIVATE, 0, NULL <unfinished ...>
101994 1703576265.292064 futex(0xc000044948, FUTEX_WAKE_PRIVATE, 1) = 0 <0.000008>
101993 1703576265.305112 <... futex resumed> ) = -1 EAGAIN (Resource temporarily unavailable) <0.013095>
101992 1703576265.305198 futex(0xc000044548, FUTEX_WAIT_PRIVATE, 0, NULL <unfinished ...>
101991 1703576265.305239 <... nanosleep resumed> NULL) = 0 <0.013777>
101993 1703576265.305411 futex(0xc000044548, FUTEX_WAKE_PRIVATE, 1 <unfinished ...>
101992 1703576265.305450 <... futex resumed> ) = -1 EAGAIN (Resource temporarily unavailable) <0.000237>
101991 1703576265.305486 nanosleep({tv_sec=0, tv_nsec=10000000},  <unfinished ...>
101993 1703576265.305656 <... futex resumed> ) = 0 <0.000232>
101992 1703576265.305693 futex(0x5656e8, FUTEX_WAKE_PRIVATE, 1) = 1 <0.000181>
101989 1703576265.306029 <... futex resumed> ) = 0 <0.032575>
101994 1703576265.307511 futex(0xc000044548, FUTEX_WAKE_PRIVATE, 1 <unfinished ...>
101993 1703576265.307582 futex(0xc000044948, FUTEX_WAIT_PRIVATE, 0, NULL <unfinished ...>
101992 1703576265.307619 futex(0xc000044548, FUTEX_WAIT_PRIVATE, 0, NULL <unfinished ...>
101989 1703576265.307655 futex(0x5656e8, FUTEX_WAIT_PRIVATE, 0, NULL <unfinished ...>
101992 1703576265.307782 <... futex resumed> ) = -1 EAGAIN (Resource temporarily unavailable) <0.000152>
101994 1703576265.307945 <... futex resumed> ) = 0 <0.000365>
101992 1703576265.308007 nanosleep({tv_sec=0, tv_nsec=3000}, NULL) = 0 <0.001184>
101992 1703576265.309426 futex(0xc000044948, FUTEX_WAKE_PRIVATE, 1) = 1 <0.000175>
101993 1703576265.309782 <... futex resumed> ) = 0 <0.002187>
101993 1703576265.309926 futex(0x5656e8, FUTEX_WAKE_PRIVATE, 1) = 1 <0.000192>
101989 1703576265.310172 <... futex resumed> ) = 0 <0.002494>
101994 1703576265.311167 futex(0xc000080148, FUTEX_WAIT_PRIVATE, 0, NULL <unfinished ...>
101992 1703576265.311234 futex(0xc000044548, FUTEX_WAIT_PRIVATE, 0, NULL <unfinished ...>
101989 1703576265.311270 futex(0x5656e8, FUTEX_WAIT_PRIVATE, 0, NULL <unfinished ...>
101993 1703576265.311704 futex(0xc000080148, FUTEX_WAKE_PRIVATE, 1) = 1 <0.000234>
101994 1703576265.312096 <... futex resumed> ) = 0 <0.000868>
101994 1703576265.312120 nanosleep({tv_sec=0, tv_nsec=3000}, NULL) = 0 <0.000259>
101994 1703576265.312751 futex(0xc000044548, FUTEX_WAKE_PRIVATE, 1) = 1 <0.000289>
101992 1703576265.313213 <... futex resumed> ) = 0 <0.001968>
101992 1703576265.313470 futex(0x5656e8, FUTEX_WAKE_PRIVATE, 1) = 1 <0.000265>
101989 1703576265.313819 <... futex resumed> ) = 0 <0.002538>
101994 1703576265.315477 futex(0xc000080148, FUTEX_WAIT_PRIVATE, 0, NULL <unfinished ...>
101993 1703576265.315538 futex(0x5656e8, FUTEX_WAKE_PRIVATE, 1 <unfinished ...>
101992 1703576265.315572 futex(0xc000044548, FUTEX_WAIT_PRIVATE, 0, NULL <unfinished ...>
101989 1703576265.315608 futex(0x5656e8, FUTEX_WAIT_PRIVATE, 0, NULL <unfinished ...>
101993 1703576265.317043 <... futex resumed> ) = 0 <0.001489>
101991 1703576265.317130 <... nanosleep resumed> NULL) = 0 <0.011620>
101989 1703576265.317165 <... futex resumed> ) = -1 EAGAIN (Resource temporarily unavailable) <0.001548>
101991 1703576265.317925 nanosleep({tv_sec=0, tv_nsec=10000000},  <unfinished ...>
101989 1703576265.318019 nanosleep({tv_sec=0, tv_nsec=3000}, NULL) = 0 <0.004271>
101989 1703576265.322619 futex(0x5656e8, FUTEX_WAIT_PRIVATE, 0, NULL <unfinished ...>
101993 1703576265.322760 futex(0x5656e8, FUTEX_WAKE_PRIVATE, 1 <unfinished ...>
101989 1703576265.322844 <... futex resumed> ) = -1 EAGAIN (Resource temporarily unavailable) <0.000167>
101993 1703576265.322885 <... futex resumed> ) = 0 <0.000113>
101989 1703576265.322961 nanosleep({tv_sec=0, tv_nsec=3000}, NULL) = 0 <0.002292>
101989 1703576265.326192 futex(0xc000080148, FUTEX_WAKE_PRIVATE, 1 <unfinished ...>
101994 1703576265.326891 <... futex resumed> ) = 0 <0.011355>
101989 1703576265.326978 <... futex resumed> ) = 1 <0.000732>
101994 1703576265.327030 futex(0xc000044548, FUTEX_WAKE_PRIVATE, 1) = 1 <0.000010>
101994 1703576265.327592 futex(0xc000080148, FUTEX_WAIT_PRIVATE, 0, NULL <unfinished ...>
101993 1703576265.327640 futex(0xc000044948, FUTEX_WAIT_PRIVATE, 0, NULL <unfinished ...>
101992 1703576265.327675 <... futex resumed> ) = 0 <0.012093>
101992 1703576265.327832 futex(0xc000044548, FUTEX_WAIT_PRIVATE, 0, NULL <unfinished ...>
101989 1703576265.327872 futex(0xc000044548, FUTEX_WAKE_PRIVATE, 1 <unfinished ...>
101992 1703576265.328039 <... futex resumed> ) = -1 EAGAIN (Resource temporarily unavailable) <0.000189>
101989 1703576265.328127 <... futex resumed> ) = 0 <0.000246>
101992 1703576265.328186 nanosleep({tv_sec=0, tv_nsec=3000}, NULL) = 0 <0.001592>
101992 1703576265.330093 futex(0xc000080148, FUTEX_WAKE_PRIVATE, 1 <unfinished ...>
101994 1703576265.330373 <... futex resumed> ) = 0 <0.002731>
101992 1703576265.330443 <... futex resumed> ) = 1 <0.000291>
101994 1703576265.330495 futex(0xc000044948, FUTEX_WAKE_PRIVATE, 1) = 1 <0.000010>
101994 1703576265.331499 futex(0xc000080148, FUTEX_WAIT_PRIVATE, 0, NULL <unfinished ...>
101993 1703576265.331548 <... futex resumed> ) = 0 <0.003898>
101992 1703576265.331561 futex(0xc000044548, FUTEX_WAIT_PRIVATE, 0, NULL <unfinished ...>
101991 1703576265.331570 <... nanosleep resumed> NULL) = 0 <0.013581>
101993 1703576265.331834 futex(0xc000044948, FUTEX_WAIT_PRIVATE, 0, NULL <unfinished ...>
101991 1703576265.331900 nanosleep({tv_sec=0, tv_nsec=10000000},  <unfinished ...>
101989 1703576265.333029 futex(0xc000044948, FUTEX_WAKE_PRIVATE, 1 <unfinished ...>
101993 1703576265.333365 <... futex resumed> ) = 0 <0.001467>
101989 1703576265.333429 <... futex resumed> ) = 1 <0.000350>
101993 1703576265.333466 nanosleep({tv_sec=0, tv_nsec=3000}, NULL) = 0 <0.001086>
101993 1703576265.334741 futex(0xc000080148, FUTEX_WAKE_PRIVATE, 1 <unfinished ...>
101994 1703576265.334972 <... futex resumed> ) = 0 <0.003425>
101993 1703576265.335038 <... futex resumed> ) = 1 <0.000280>
101994 1703576265.335071 futex(0xc000044548, FUTEX_WAKE_PRIVATE, 1) = 1 <0.001498>
101993 1703576265.336672 futex(0xc000044948, FUTEX_WAIT_PRIVATE, 0, NULL <unfinished ...>
101992 1703576265.336690 <... futex resumed> ) = 0 <0.005122>
101992 1703576265.336999 futex(0xc000044548, FUTEX_WAIT_PRIVATE, 0, NULL <unfinished ...>
101989 1703576265.337065 futex(0x5656e8, FUTEX_WAIT_PRIVATE, 0, NULL <unfinished ...>
101994 1703576265.337626 futex(0x5656e8, FUTEX_WAKE_PRIVATE, 1) = 1 <0.000512>
101989 1703576265.338264 <... futex resumed> ) = 0 <0.001187>
101989 1703576265.338527 futex(0xc000044548, FUTEX_WAKE_PRIVATE, 1) = 1 <0.000122>
101992 1703576265.339065 <... futex resumed> ) = 0 <0.002032>
101992 1703576265.339223 futex(0xc000044948, FUTEX_WAKE_PRIVATE, 1 <unfinished ...>
101993 1703576265.339363 <... futex resumed> ) = 0 <0.002671>
101992 1703576265.339418 <... futex resumed> ) = 1 <0.000179>
101994 1703576265.340496 futex(0xc000080148, FUTEX_WAIT_PRIVATE, 0, NULL <unfinished ...>
101993 1703576265.340523 futex(0xc000044948, FUTEX_WAIT_PRIVATE, 0, NULL <unfinished ...>
101989 1703576265.340561 futex(0x5656e8, FUTEX_WAIT_PRIVATE, 0, NULL <unfinished ...>
101992 1703576265.341038 futex(0xc000044948, FUTEX_WAKE_PRIVATE, 1 <unfinished ...>
101993 1703576265.341261 <... futex resumed> ) = 0 <0.000728>
101992 1703576265.341332 <... futex resumed> ) = 1 <0.000252>
101993 1703576265.341367 nanosleep({tv_sec=0, tv_nsec=3000}, NULL) = 0 <0.000928>
101993 1703576265.342511 futex(0xc000080148, FUTEX_WAKE_PRIVATE, 1) = 1 <0.000056>
101994 1703576265.342626 <... futex resumed> ) = 0 <0.002111>
101994 1703576265.342648 futex(0x5656e8, FUTEX_WAKE_PRIVATE, 1) = 1 <0.000035>
101993 1703576265.347719 futex(0xc000044948, FUTEX_WAIT_PRIVATE, 0, NULL <unfinished ...>
101992 1703576265.347807 futex(0xc000044548, FUTEX_WAIT_PRIVATE, 0, NULL <unfinished ...>
101991 1703576265.347823 <... nanosleep resumed> NULL) = 0 <0.015903>
101991 1703576265.347845 nanosleep({tv_sec=0, tv_nsec=10000000},  <unfinished ...>
101989 1703576265.347871 <... futex resumed> ) = 0 <0.007301>
101989 1703576265.348720 futex(0xc000044548, FUTEX_WAKE_PRIVATE, 1 <unfinished ...>
101994 1703576265.349614 futex(0xc000080148, FUTEX_WAIT_PRIVATE, 0, NULL <unfinished ...>
101992 1703576265.349681 <... futex resumed> ) = 0 <0.001863>
101989 1703576265.349722 <... futex resumed> ) = 1 <0.000949>
101992 1703576265.349758 futex(0xc000044548, FUTEX_WAIT_PRIVATE, 0, NULL <unfinished ...>
101989 1703576265.350611 futex(0xc000044548, FUTEX_WAKE_PRIVATE, 1 <unfinished ...>
101992 1703576265.350823 <... futex resumed> ) = 0 <0.001055>
101989 1703576265.350895 <... futex resumed> ) = 1 <0.000224>
101992 1703576265.350932 futex(0xc000044548, FUTEX_WAIT_PRIVATE, 0, NULL <unfinished ...>
101989 1703576265.351102 futex(0xc000044548, FUTEX_WAKE_PRIVATE, 1 <unfinished ...>
101992 1703576265.351271 <... futex resumed> ) = 0 <0.000328>
101989 1703576265.351319 <... futex resumed> ) = 1 <0.000174>
101989 1703576265.356554 write(1, "435137749\n", 10 <unfinished ...>
101992 1703576265.356673 futex(0xc000044548, FUTEX_WAIT_PRIVATE, 0, NULL <unfinished ...>
101989 1703576265.356807 <... write resumed> ) = 10 <0.000183>
101989 1703576265.356988 exit_group(0 <unfinished ...>
101993 1703576265.357190 <... futex resumed>) = ?
101992 1703576265.357225 <... futex resumed>) = ?
101991 1703576265.357234 <... nanosleep resumed> <unfinished ...>) = ?
101994 1703576265.357275 <... futex resumed>) = ?
101993 1703576265.357324 +++ exited with 0 +++
101992 1703576265.357338 +++ exited with 0 +++
101994 1703576265.357346 +++ exited with 0 +++
101991 1703576265.357354 +++ exited with 0 +++
101989 1703576265.357358 <... exit_group resumed>) = ?
101989 1703576265.357777 +++ exited with 0 +++
